Likelihood to Return,3,Return
App Performance,1,App Performance
Catalog Purchase,3,Purchase
Materials,1,Unmapped Elements
Likelihood to use again,3,Use Again
Job Information Browsing,1,Product Browsing
Online Selling Resource,3,Primary Resource
Capable,1,Unmapped Elements
Purchase- Another site,3,Purchase from Competitor
Product Instructions,1,Unmapped Elements
Other-Channel Purchase,3,Other-Channel Purchase
Purchase Next Time - Retail,3,Purchase Next Time
Ease of Use,1,Unmapped Elements
Watch Video,3,Watch Video Online
HSBC products & services,3,Recommend Products/Services
Conference Logistics,1,Unmapped Elements
Website Navigation,1,Navigation
CoWorkers,1,Unmapped Elements
Consider,3,Unmapped Future Behaviors
Discover Entertainment Options,3,Unmapped Future Behaviors
Recommend  Products,3,Recommend Products/Services
Recommend - Meetings,3,Recommend Products/Services
Contact via Email Again for Service,3,Contact Via Channel Again
Rely on Site for Resources,3,Unmapped Future Behaviors
Encourage Use,3,Unmapped Future Behaviors
Visit a Location,3,Visit in Person
Banking - Apply for Services,3,Apply
Plan Descriptions,1,Product Descriptions
3-Minute Chat Session,1,Unmapped Elements
Contact Real Estate Professional,3,Unmapped Future Behaviors
"State of Michigan's Regulatory Agencies (LARA, DEQ, Treasury) Do What is Right",3,Unmapped Future Behaviors
Likelihood to Increase Use,3,Unmapped Future Behaviors
Buy Now,3,Unmapped Future Behaviors
Selection,1,Unmapped Elements
Likelihood to Call Phone Support,3,Contact
Use Online Support,3,Use Service
Credit Cards,3,Unmapped Future Behaviors
Come Back,3,Return
Buy or Sell Goods & Services,3,Unmapped Future Behaviors
Policy Information,1,Site Information
Prescriptions from mobile site,3,Purchase via Mobile
Recommend HSBC products/services,3,Recommend Products/Services
Communicate customer service experience,3,Communicate Experience
Recommend Nationwide,3,Recommend Company
Job Application Tracking,1,Unmapped Elements
Watch,3,Watch Video Offline
Offline Purchase,3,Other-Channel Purchase
Apply for a Product,3,Unmapped Future Behaviors
Add New Employee,3,Unmapped Future Behaviors
Motorcycle,1,Unmapped Elements
Store Employees,1,Store Employees
Likelihood to Volunteer,3,Volunteer
Listing Browsing,1,Product Browsing
Other-Channel Purchase Department Store,3,Purchase from Partner/Distributor
More Effective,3,Unmapped Future Behaviors
Presentation,1,Presentation
Brand Confidence Store,3,Unmapped Future Behaviors
Contact via Lowe's Live Chat Again,3,Contact Via Channel Again
Account Setup,1,Account Setup
Sign-up for Credit Card,3,Apply
Relationship,3,Unmapped Future Behaviors
Relationship,1,Unmapped Elements
Visit Social Presence,3,Visit Social Presence
Purchase TV Online,3,In-Channel Purchase
Work Load,1,Unmapped Elements
Sell Online Again,3,Use Again
Purchase From Other Site,3,Purchase from Partner/Distributor
eTextbook Reading - Performance,1,Site Performance
Apply,3,Apply
Purchase Merchandise,3,Purchase
Resume Search,1,Unmapped Elements
Enroll In A Plan,3,Unmapped Future Behaviors
Purchase Experience,1,Ordering Process
Pre-delivery,1,Unmapped Elements
Banking - Apply,3,Apply
Book offline,3,Book Reservation Offline
Order Communication,1,Email Communication
Ads,1,Ads
Game Descriptions,1,Product Descriptions
Purchase in Store,3,Other-Channel Purchase
Brand Salience,1,Unmapped Elements
Primary Resource (Reference),3,Unmapped Future Behaviors
Discuss/Share Content,3,Share Content
Recommend Store Pick Up,3,Recommend Store Pickup
Emergency Resource,3,Primary Resource
Online Purchase Resource,3,Primary Resource
Request a Quote,3,Contact
Recommend Product,3,Recommend Products/Services
Purchase BBY Store,3,Other-Channel Purchase
Dealership Recommendation,3,Unmapped Future Behaviors
Website as first resource,3,Use Web Channel Over Others
Data Views Browsing,1,Unmapped Elements
Recommend Balance Consolidation,3,Recommend Products/Services
Likelihood to  Continue Membership,3,Subscribe/Renew
Recommend Services,3,Recommend Products/Services
Likelihood to Manage Account,3,Manage Account
Non-Product Content,1,Unmapped Elements
Apply for Services,3,Apply
Work/Life Balance,1,Unmapped Elements
Video,1,Videos
Use as Primary Financial Institution,3,Do Business
Call Phone Support,3,Contact
Contact Customer Service,3,Unmapped Future Behaviors
Purchase Products or Services,3,Purchase
FPI,3,Future Purchase Intent (Calculated)
Use a Facility,3,Use a Facility
Online Participation,3,Future Online Participation
Consider for Life Event,3,Unmapped Future Behaviors
Enroll,3,Unmapped Future Behaviors
Application Performance,1,Site Performance
Purchase In Store,3,Purchase In Store
Visit a Store,3,Visit in Person
Brand Commitment - Seek More Info,3,Seek More Information
Recommend Catalog Shopping,3,Unmapped Future Behaviors
Subscribe to ConsumerReports.org,3,Subscribe/Renew
Resume Relationship,3,Maintain Relationship
Bonuses and Promotions,1,Unmapped Elements
Offer Attractiveness,1,Unmapped Elements
Listing Process,1,Process
Increase Future Purchase,3,Unmapped Future Behaviors
Points Value,1,Unmapped Elements
Subscribe to Ancestry.com,3,Subscribe/Renew
Item Information,1,Product Descriptions
Use Bonus Air Miles Offers,3,Unmapped Future Behaviors
Product Finding,1,Product Finding
Purchase from Company,3,Purchase
Topics,1,Unmapped Elements
Purchase Insurance Question,3,Unmapped Future Behaviors
Read Magazine,3,Unmapped Future Behaviors
Representative's Knowledge,1,Unmapped Elements
Primary Grocery Supplier,3,Unmapped Future Behaviors
Watch/Listen More,3,Unmapped Future Behaviors
Job Search,1,Search
FDIC Information,1,Site Information
Site Information (Content),1,Site Information
Buy with App Over Store,3,Unmapped Future Behaviors
Booking Process,1,Process
Puchase Offline,3,In-Channel Purchase
Manage my Account,3,Manage Account
New Products & Uses,1,Unmapped Elements
Continue in Firm,3,Unmapped Future Behaviors
Use Other SSA Online Services,3,Use More Services
Brand Loyalty,3,Brand Loyalty
Use Rogers Community Forums,3,Use Again
Call Location,3,Contact
Magazine,3,Unmapped Future Behaviors
Visit ESPN.com,3,Visit Website
Community,1,Unmapped Elements
Immediate Supervisor,1,Unmapped Elements
Share Photos,3,Unmapped Future Behaviors
Regulations,1,Unmapped Elements
Use ebuy for RFQs,3,Use Service
Lifestyle Change,3,Unmapped Future Behaviors
Policies,1,Unmapped Elements
Conference Price,1,Unmapped Elements
Likelihood to Book Travel,3,Make Reservation Online
Essential Accelerator,3,Unmapped Future Behaviors
Online-Channel Purchase,3,Other-Channel Purchase
Primary Resource for Cust Serv,3,Primary Resource
Vehicle Descriptions,1,Product Descriptions
Likelihood to Purchase Online,3,In-Channel Purchase
Purchase via Mobile,3,Purchase via Mobile
Attend alum event,3,Unmapped Future Behaviors
Prod Recommendation Review,3,Social Recommend Product
Newsletter Sign Up,3,Unmapped Future Behaviors
Purchase from Target.com,3,In-Channel Purchase
Search Results- Content,1,Unmapped Elements
InChannel Purchase,3,In-Channel Purchase
Compliance Cost,1,Unmapped Elements
Subscribe Data Center,3,Subscribe/Renew
Likelihood to Apply for Products,3,Unmapped Future Behaviors
Recommend Veterans Affairs,3,Recommend Company
Sample Images,1,Unmapped Elements
Shipment Next Time,3,Unmapped Future Behaviors
Likelihood to Contact Dealer,3,Contact
Visit a Doctor,3,Visit in Person
Order Pickup,1,Order Pick-up
Intranet as First Resource,3,Primary Resource
Service Professional Browsing,1,Information Browsing
Use Other Sources,3,Unmapped Future Behaviors
Use as a Primary Resource,3,Primary Resource
Web Experience - Ordering Process,1,Unmapped Elements
Employee Engagement,3,Employee Engagement
Purchase/Register Products,3,Purchase
Purchase Online - Competitor,3,Purchase from Competitor
Likelihood to Outsource to  GE,3,Unmapped Future Behaviors
Recommend company,3,Recommend Company
Use Card Next Time,3,Unmapped Future Behaviors
Primary Resource for Movies and Games,3,Primary Resource
Order Placement,1,Ordering Process
Owner Education Content,1,Unmapped Elements
Use over other channels,3,Unmapped Future Behaviors
Job Finding,1,Unmapped Elements
Participate in Social,3,Future Online Participation
Purchase in Future,3,Purchase Next Time
Click on Ad,3,Click on an Ad
Future Purchase Intent (Caluculated),3,Future Purchase Intent (Calculated)
Purchase/Increase purchase,3,Purchase
View Video Clips,3,Unmapped Future Behaviors
Events,1,Unmapped Elements
Business with Nationwide,3,Increase Business
Use Other Online Services,3,Use More Services
Culture/Environment,1,Unmapped Elements
Purchase as a Gift,3,Unmapped Future Behaviors
Recommend HSBC.com,3,Recommend
Seek More Info,3,Seek More Information
Confidence with Site,3,Unmapped Future Behaviors
Installation,1,Unmapped Elements
Item Quality,1,Unmapped Elements
Recommend Hermes,3,Recommend Company
Apply for Addt. Products Online,3,Unmapped Future Behaviors
Planning Resource,3,Use Again
Primary Resource for Company,3,Primary Resource
Downloader Performance,1,Unmapped Elements
Recommend - Employment,3,Unmapped Future Behaviors
Retirement benefits,1,Unmapped Elements
Likelihood To Do Business With A Competitor,3,Unmapped Future Behaviors
Likelihood to Become a Blue Cross Blue Shield Member,3,Become a Member
Shopping - Purchase Online,3,In-Channel Purchase
Use a Nestle Product,3,Use Product
Likelihood to Watch or Listen to Event,3,Unmapped Future Behaviors
Order Pick-up,1,Order Pick-up
Foreclosure,3,Unmapped Future Behaviors
Look for Bags,3,Unmapped Future Behaviors
Contact a Specialist,3,Contact
Weekly Ad Content,1,Content
Visit a sponsored link,3,Visit A Sponsored Link
Schedule a Service,3,Unmapped Future Behaviors
Mobile Site,3,Use Mobile Site/App
Use Site via Mobile Device,3,Use Site via Mobile Device
Contact Via Channel Again,3,Contact Via Channel Again
Customer Support,1,Unmapped Elements
Recommend to Customers,3,Unmapped Future Behaviors
Brand Training Engagement,3,Unmapped Future Behaviors
Share a Video,3,Unmapped Future Behaviors
GSA Web Content,1,Site Information
Likelihood to Sell Online Again,3,Use Again
Purchase Jeans Offline,3,Purchase Next Time
Coaches,1,Unmapped Elements
Increase Business with Citi,3,Increase Business
Recommend Retailer,3,Recommend Company
Book a Room,3,Make Reservation Online
Contact via Telephone Again,3,Contact Via Channel Again
Pride in FSR,3,Unmapped Future Behaviors
Recommend Service,3,Recommend Products/Services
Likelihood to Contact MEDC,3,Contact
Satiscation,2,Satisfaction
Deposit,3,Unmapped Future Behaviors
Used Vehicle Selling Resource,3,Primary Resource
Purchase Next Time - Offline,3,Other-Channel Purchase
Product Description Information,1,Product Descriptions
Recommend Organization,3,Recommend Company
Recommend Products,3,Recommend Products/Services
Performance Review,1,Unmapped Elements
Look and Feel,1,Look and Feel
Read More Articles on ESPN.com,3,Unmapped Future Behaviors
Contact via Email Again,3,Contact Via Channel Again
Job Announcement,1,Product Descriptions
Functionality,1,Functionality
Likelihood to Continue,3,Use Again
Invest with MD,3,Unmapped Future Behaviors
Primay Resource,3,Primary Resource
Online Application Security,1,Unmapped Elements
Feel Confident,3,Unmapped Future Behaviors
Purchase Via Call Centre Again,3,Purchase
Recommend Employer,3,Employer Recommendation
Willingness to Recommend,3,Recommend Company
Share Information,3,Share Content
Likelihood Become/Renew Member,3,Subscribe/Renew
Request a Sales Call,3,Unmapped Future Behaviors
Seek More  Information,3,Seek More Information
Subscribe/Renew,3,Subscribe/Renew
Purchase Store,3,Other-Channel Purchase
Hotel Searching,1,Product Browsing
Brand Dealership Engagement,3,Unmapped Future Behaviors
Support Accessibility,1,Unmapped Elements
Support Actions,3,Unmapped Future Behaviors
Videos/Podcasts,1,Unmapped Elements
Recommend Information,3,Unmapped Future Behaviors
Place an Order Online,3,Purchase
Return to same Coach,3,Unmapped Future Behaviors
Mobile App,3,Use Mobile Site/App
Visit/Call WSECU,3,Visit in Person
Collaboration,1,Unmapped Elements
Use Site,3,Return
Primary Provider,3,Unmapped Future Behaviors
AARP Membership,3,Become a Member
Recommend This Site,3,Recommend
Primary Resource - Diabetes,3,Primary Resource
Product (Contractor) Browsing,1,Product Browsing
Play Fantasy Games,3,Unmapped Future Behaviors
Inquire with a Doctor,3,Inquire with a Doctor
Reserve Online Pickup Offline,3,Use Store Pick-up
Pickup Process,1,Pickup Process
Use Web Channel,3,Use Web Channel Over Others
Download Information,3,Unmapped Future Behaviors
Resume Building,1,Process
Brand Resonance,3,Brand Resonance
Make a Donation,3,Donate
Recommend Tesco direct's Click+Collect Service,3,Recommend Products/Services
Application Storage - Retrieval,1,Unmapped Elements
Brand Consideration,3,Unmapped Future Behaviors
Continue Relationship,3,Continue Relationship
Acquisition & Retention,3,Purchase Next Time
Social Recommend Vehicle,3,Social Recommend Product
Parcel,1,Unmapped Elements
Project Creation,1,Unmapped Elements
Online Application Requirements,1,Unmapped Elements
Improve - Facilities,3,Unmapped Future Behaviors
Weigh-In,1,Unmapped Elements
Liklihood to Return,3,Return
Brand Commiment,3,Brand Commitment
File Online,3,Unmapped Future Behaviors
Likelihood to Book Reservation,3,Make Reservation Online
Likelihood to Contact Call Ctr,3,Contact
Contact via Pearson Live Chat Again,3,Contact
Recommend Products/Services,3,Recommend Products/Services
Continue Use,3,Continue Using
Communicate Opinion,3,Communicate Experience
Use Next Time,3,Use Again
Electricity Service,1,Unmapped Elements
Game Information,1,Product Descriptions
Subscribe to Addtl Products/Svcs,3,Purchase
Retailer Satisfaction,3,Company/Organization/Brand Satisfaction
Out-of-Channel Purchase,3,Unmapped Future Behaviors
Representative's Attitude,1,Sales Associate Engagement
Likelihood of Staying at FSR,3,Unmapped Future Behaviors
Contact Service,3,Unmapped Future Behaviors
Use Website Tools,3,Use Service
Aggregated Content,1,Unmapped Elements
Maintain Membership,3,Maintain Membership
Post Purchase Communications,1,Unmapped Elements
Video Content,1,Unmapped Elements
Product Offerings,1,Merchandise
City Services,1,Unmapped Elements
Use as a Marketing Resource,3,Unmapped Future Behaviors
Services,1,Services
Watch a Game,3,Unmapped Future Behaviors
Policy Descriptions,1,Product Descriptions
Payment Delivery,1,Unmapped Elements
Purchase Reseller Online,3,Purchase from Partner/Distributor
Likelihood to Use Site  - Manage Plan,3,Unmapped Future Behaviors
Manage and Service Account,3,Manage and Service Account
Check Insurance Coverage,3,Unmapped Future Behaviors
Executive Leadership,1,Unmapped Elements
ONLINE Shopping,3,In-Channel Purchase
Design Browsing,1,Unmapped Elements
Consider Employment,3,Unmapped Future Behaviors
Read in Print,3,Unmapped Future Behaviors
IVR Agent,1,Unmapped Elements
Manager,1,Manager
Resort Images,1,Images
Entertainment Content,1,Unmapped Elements
Historical Resource,3,Unmapped Future Behaviors
Contractor,1,Unmapped Elements
Visit Website,3,Visit Website
Confidence,1,Confidence
Efficiency,1,Unmapped Elements
Likelihood to Use Web Channel Over Call Center,3,Unmapped Future Behaviors
Confidence,3,Brand Confidence
Property Pricing,1,Unmapped Elements
Search,1,Search
Research Site Purchase Offline,3,Unmapped Future Behaviors
Enrollment,1,Enrollment
Manage Service Account,3,Manage and Service Account
Valuable Housing Partner,3,Unmapped Future Behaviors
Conduct Business,3,Unmapped Future Behaviors
Other advertisers,3,Unmapped Future Behaviors
Program Browsing,1,Product Browsing
Purchase at Another Site,3,Purchase from Partner/Distributor
Renew Advertising,3,Unmapped Future Behaviors
Timeliness,1,Timeliness
Use Facility,3,Use a Facility
Seek More Info College,3,Seek More Information
Other Channel Purchase,3,Other-Channel Purchase
Hotel Descriptions,1,Product Descriptions
New vehicle online purchase resource,3,Primary Resource
Return to Site,3,Return
Curated Content,1,News Content
Search Results - Look and Feel,1,Search Results - Look and Feel
Menus,1,Unmapped Elements
My Social Security Information,1,Site Information
Page Design & Structure,1,Unmapped Elements
Likelihood to Continue Earning Points,3,Unmapped Future Behaviors
Service Representative,1,Service Representative
Use Additional Online Services,3,Use More Services
Medicare Plan Finder Results,1,Search Results - Relevance
Physical Environment,1,Physical Environment
Device Images,1,Images
Wellness Coach,1,Unmapped Elements
Sign up for Newsletter,3,Subscribe/Renew
Trust - Trustworthy,3,Trust
Order Experience,1,Order Quality
Purchase or Register,3,Purchase
Future Purchase Intent (Calculated),3,Future Purchase Intent (Calculated)
In Store Visit,3,Unmapped Future Behaviors
Primary Resource Mobile,3,Primary Resource
Hands-on Learning,1,Unmapped Elements
Quality,1,Unmapped Elements
Renew or buy subscription,3,Subscribe/Renew
Make Appointment Online,3,Make an Appointment
Offer Process,1,Unmapped Elements
Purchase,3,Purchase
Recommend - Services,3,Unmapped Future Behaviors
Recommend Meeting,3,Recommend Products/Services
Use Site Instead Other Chan.,3,Increase Business
Return To Website,3,Return
Psychological Reward,1,Psychological Reward
Listen to Audio,3,Unmapped Future Behaviors
Partnership Satisfaction,3,Unmapped Future Behaviors
Visit Additional Sponsored Links,3,Unmapped Future Behaviors
Credit Union Branch,1,Bank Branch
Purchase an Insurance Offline,3,Other-Channel Purchase
Likelihood to Request an Appt,3,Unmapped Future Behaviors
Purchase Next Time (Future),3,Unmapped Future Behaviors
Recommend,3,Recommend
Tasks/ Transaction,1,Tasks and Transactions
Timeliness of Certification,1,Unmapped Elements
Account Information,1,Unmapped Elements
Leadership,1,Leadership
View Weekly Ad,3,Return
Recommend FSR as Employer,3,Unmapped Future Behaviors
Support,1,Support
View and pay bills,3,Manage and Service Account
Benefit Search Process,1,Search Process
Cast Member Engagement,1,Sales Associate Engagement
Likelihood to Click on an Ad,3,Click on an Ad
Future e-newsletter Behavior,3,Unmapped Future Behaviors
Free Subscribe,3,Unmapped Future Behaviors
Training,1,Unmapped Elements
Training,3,Unmapped Future Behaviors
Primary Resource Local,3,Primary Resource
Do Business/Continue to do Business,3,Do Business
Order Items,1,Order Quality
Cash Back Management,1,Account Management
Subscription,1,Unmapped Elements
Consider Nemours,3,Unmapped Future Behaviors
Content Browsing,1,Information Browsing
Likelihood to Pick Up In Store,3,Use Store Pick-up
Follow on Social Network,3,Follow on Social Media
Recommend T-Mobile Phone Shopping,3,Recommend
Apply for More Services,3,Apply
Likelihood to Purchase Catalog,3,Other-Channel Purchase
Department Management,1,Unmapped Elements
Sales-Service agent,1,Sales-Service Representative
Transactions,1,Unmapped Elements
Manage and Service Account(,3,Manage and Service Account
Idea,1,Site Information
Contact Via Phone Again,3,Contact Via Channel Again
Order via Mobile,3,Order via Mobile
Perception,3,Perception
Recommend Program,3,Recommend Program
Likelihood to visit a Mayo Clinic Health System Physician,3,Make an Appointment
Image Content,1,Unmapped Elements
Performance,1,Site Performance
Contact Sales,3,Unmapped Future Behaviors
Likelihood to Apply for Additional Products,3,Apply
Encouragement of Participation,3,Unmapped Future Behaviors
Membership Tiers,1,Membership Tiers
Diversity,1,Unmapped Elements
Response Time,1,Response Speed
Purchase GORE-TEX® Product,3,Purchase
Creating Emergency Kit,3,Unmapped Future Behaviors
Exceed,3,Unmapped Future Behaviors
Product Specific,1,Unmapped Elements
Communicate with Others,3,Communicate Experience
Donation,3,Unmapped Future Behaviors
Store Environment,1,Store Environment
Likelihood To Visit an Ad,3,Visit A Sponsored Link
Likelihood to Visit,3,Unmapped Future Behaviors
Use Delivery Service,3,Use Again
Purchase Merch Online,3,In-Channel Purchase
Goal Accomplishment Index,3,Unmapped Future Behaviors
Lovesac Comfort,1,Unmapped Elements
Recommend Speedway Programs,3,Recommend Program
Administration,1,Unmapped Elements
Primary Online - Ideas/In,3,Primary Resource
Organization Culture,1,Unmapped Elements
Research Online Purch Offline,3,Unmapped Future Behaviors
Return to the JEA automated phone system,3,Use Again
Site Performance - Speed,1,Site Performance
Order Quality,1,Order Quality
Cohesive,1,Unmapped Elements
Return for same activity,3,Unmapped Future Behaviors
Course Administration,1,Unmapped Elements
Use Store Pickup,3,Use Store Pick-up
Make Online Reservation,3,Make Reservation Online
Trust - Level MHV,3,Unmapped Future Behaviors
Primary Listing Management Resource,3,Unmapped Future Behaviors
Use Online Bill Pay,3,Use Service
Make Phone Reservation,3,Book Reservation Offline
Recommend Card,3,Recommend Products/Services
Game Design,1,Unmapped Elements
News Content,1,News Content
Join/Renew,3,Become a Member
Marketplace / Classifieds,3,Unmapped Future Behaviors
Tactical HClx - Process,1,Unmapped Elements
Primary Resource Provider,3,Primary Resource
Marketing Website Content,1,Unmapped Elements
Purchase Flexible Fulfillment,3,Use Store Pick-up
Likelihood to Email Dealer,3,Contact
Impression of ACS,3,Unmapped Future Behaviors
Perception of Regulatory Agencies,3,Unmapped Future Behaviors
Purchase Products/Srvcs,3,Purchase
Recommend  Company 0 to 10,3,Recommend Company
Visit Online Instead Call Center,3,Unmapped Future Behaviors
Purchase  Online,3,In-Channel Purchase
Tactical HClx - Action Awareness,1,Unmapped Elements
Like,3,Unmapped Future Behaviors
Product Images,1,Images
Future Contact,3,Unmapped Future Behaviors
Delivery Experience,1,Delivery
Purchase from CustomInk,3,Purchase Next Time
Recommend Target Account,3,Unmapped Future Behaviors
Benefits Appeal,1,Benefits Appeal
Company Image,3,Unmapped Future Behaviors
Product Experiences,1,Unmapped Elements
Job,1,Job
Company Image,1,Unmapped Elements
Likelihood to Download & View,3,Likelihood to Download & View
Item Browsing,1,Product Browsing
Brand POS Information,1,Unmapped Elements
Purchase Course,3,In-Channel Purchase
Likelihood to Continue Using Site,3,Unmapped Future Behaviors
Device,1,Unmapped Elements
Make An Appointment,3,Make an Appointment
5-Minute Chat Session,1,Unmapped Elements
Purchase Additional AncestryDNA Kit,3,Unmapped Future Behaviors
Snapfish Product Finding,1,Unmapped Elements
Recommend Partner Program,3,Recommend Program
Atmosphere,1,Unmapped Elements
Brand Commitment,3,Brand Commitment
Resolution,1,Resolution
Pick-up Process,1,Unmapped Elements
Purchase over Phone,3,Other-Channel Purchase
Likelihood to use eHarmony.com,3,Use Service
Accessibility,1,Accessibility
Social Recommend Product,3,Social Recommend Product
Visit Online Instead of Branch,3,Unmapped Future Behaviors
Volunteer,3,Volunteer
Purchase Products & Services,3,Purchase
Digital,1,Unmapped Elements
Therapy Descriptions,1,Product Descriptions
Recommend Ownership,3,Recommend Company
Redeem in the Future,3,Unmapped Future Behaviors
Site Images,1,Images
Regulatory Participation,3,Future Participation
Gilt Brand Preference,3,Brand Preference
Brand Confidence,3,Brand Confidence
Navigation,1,Navigation
Upsell,3,Unmapped Future Behaviors
Account Team,1,Unmapped Elements
Return this month,3,Return
Menu Item Descriptions,1,Product Descriptions
Purchase another site,3,Purchase from Partner/Distributor
Post Listing Communication,1,Unmapped Elements
Purchase Offline,3,Other-Channel Purchase
Recommend this Company,3,Recommend Company
Visit Dealer,3,Visit in Person
Food Images,1,Images
Continued Use Of App,3,Unmapped Future Behaviors
Contact Financial Advisor,3,Contact
Credit Request,1,Unmapped Elements
Product/Service Quality,1,Product Quality
Primary Mobile Resource,3,Primary Resource
Primary Resource-Clinical Knowledge,3,Unmapped Future Behaviors
Use Search Again,3,Unmapped Future Behaviors
Continue Business,3,Use Service
Online Experience,1,Unmapped Elements
Task/Transactions,1,Tasks and Transactions
Product,1,Product
Site Performance,1,Site Performance
Register Online,3,Subscribe/Renew
Lead Generation,3,Contact
Design,1,Unmapped Elements
Watch More ESPN TV,3,Unmapped Future Behaviors
Buy Online,1,Ordering Process
Purchase Tickets Online,3,In-Channel Purchase
Return to Gilt,3,Return
Apply again,3,Apply
Tasks/Transactions,1,Tasks and Transactions
Likelihood to Purchase Company,3,Purchase
Likelihood to Contact a Specialist,3,Contact
Product/Service,1,Unmapped Elements
Continue Updating Resume,3,Unmapped Future Behaviors
Return to Store,3,Unmapped Future Behaviors
Personal,1,Unmapped Elements
Contact Call Center Again for Service,3,Contact Via Channel Again
Use Service Again,3,Use Service
Recommend Company,3,Recommend Company
Likelihood to Purchase from Target Store,3,Other-Channel Purchase
Purchase Next 3 Months,3,Other-Channel Purchase
Experience,3,Communicate Experience
Health Plan Browsing,1,Product Browsing
Work Balance,1,Unmapped Elements
Experience,1,Unmapped Elements
Search Results-Look&Feel,1,Search Results - Look and Feel
Contact Nordstrom Contact Center Again for Service,3,Contact Via Channel Again
Reservation Online,3,Make Reservation Online
Log In,3,Unmapped Future Behaviors
Lovesac Quality,1,Unmapped Elements
Call Center,3,Contact
Monitor Progress Online,3,Unmapped Future Behaviors
Redeem Online,3,Unmapped Future Behaviors
Registry Desk,1,Sales Associate Engagement
Recommend Store Pick-up,3,Recommend Store Pickup
Magazine Layout,1,Unmapped Elements
Primary Resource Financial,3,Primary Resource
Website,1,Unmapped Elements
Talk to Health Care Professional,3,Unmapped Future Behaviors
Contact a Representative,3,Contact
Invest Competitor,3,Unmapped Future Behaviors
Website,3,Visit Website
Communicate Exp.,3,Comm Exp on Social Network
Purchases Offline - Photo,3,Use Store Pick-up
Recommend Subscription,3,Subscribe/Renew
Use The Site Next Time,3,Use Again
Explanation of Rules,1,Unmapped Elements
Likelihood to recommend products & services,3,Recommend Products/Services
Dealership Consideration,3,Unmapped Future Behaviors
Store Pickup Value,1,Unmapped Elements
Download,1,Download
Primary Resource for Market Data,3,Primary Resource
Room & Amenities Descriptions,1,Product Descriptions
Benefit Information,1,Site Information
Purchase Ticket Offline,3,Other-Channel Purchase
Use App Again,3,Unmapped Future Behaviors
Puchase a Nestle Product,3,Purchase
Promotion Quality,1,Unmapped Elements
Likelihood to Respond to Offer,3,Unmapped Future Behaviors
Purchase Additional Prod/Svcs,3,Purchase
Reporting,1,Unmapped Elements
Snapfish Create,1,Unmapped Elements
Likelihood to Apply for Product,3,Apply
Search Results- Look & Feel,1,Unmapped Elements
Make an Appointment Online,3,Unmapped Future Behaviors
Purchase Web,3,In-Channel Purchase
Likely to Apply,3,Unmapped Future Behaviors
Enhance Reputation,3,Unmapped Future Behaviors
Reserve Next Time,3,Unmapped Future Behaviors
Purchase- This site,3,In-Channel Purchase
Site Perfomance,1,Site Performance
Increase use of Services tools,3,Use Service
Likelihood to Use Services,3,Use More Services
Agent / Rep Role,1,Unmapped Elements
Primary Resource-Info,3,Primary Resource
Travel Information,1,Travel Information
Likelihood to Book Travel Offline,3,Book Reservation Offline
Business Climate Perception,3,Unmapped Future Behaviors
Course Content,1,Unmapped Elements
Manage account online,3,Manage Account
Messaging Navigation,1,Unmapped Elements
Application Process,1,Process
Upgrade,3,Upgrade
Fill Prescription,3,Unmapped Future Behaviors
Future Purchase Intent,3,Future Purchase Intent (Calculated)
Overall Impression,3,Overall Impression
Continued Use,3,Unmapped Future Behaviors
Prefer Web Channel,3,Use Web Channel Over Others
Purchase from Target Store,3,Other-Channel Purchase
Ordering,1,Unmapped Elements
Recommend this site,3,Recommend
Snapfish Photo Process,1,Unmapped Elements
Agency Services,1,Unmapped Elements
Look and Feel of Email,1,Look and Feel
Department Head,1,Unmapped Elements
Price/Value,1,Price
Purchase Add. Products/Services,3,Purchase
Likelihood to Repurchase,3,Purchase
Purchase products,3,Purchase
Use again,3,Return
Use Store Pick-up,3,Use Store Pick-up
Call Again,3,Contact
Commitment,3,Unmapped Future Behaviors
Recommend Weekly Ad,3,Unmapped Future Behaviors
Brand Satisfaction,3,Unmapped Future Behaviors
Discussion,1,Unmapped Elements
Maintain relationship,3,Do Business
Likelihood to Visit an Ad,3,Click on an Ad
Loyalty,3,Unmapped Future Behaviors
Hotel Price,1,Price
Website Information,1,Site Information
Bank Branches,1,Unmapped Elements
Use More Services,3,Use More Services
Continue Earning Points,3,Unmapped Future Behaviors
Visit Advertised Link,3,Visit A Sponsored Link
Subscribe to E-Newsletter,3,Subscribe/Renew
Contact via phone Again for Service,3,Contact Via Channel Again
Likelihood to Increase Busniess,3,Increase Business
Buy with App Not Site,3,Unmapped Future Behaviors
Forward Email,3,Unmapped Future Behaviors
Reservation Process,1,Unmapped Elements
Recommend FSR Services,3,Unmapped Future Behaviors
Retail/Organization Satisfaction,3,Company/Organization/Brand Satisfaction
Recommend Next 30 Days,3,Recommend Company
Finding Listings,1,Unmapped Elements
Recommend Team,3,Unmapped Future Behaviors
Register for Support,3,Unmapped Future Behaviors
Return for Similar Activity,3,Unmapped Future Behaviors
Intention for other products,3,Unmapped Future Behaviors
Social Sharing - Share Content,3,Unmapped Future Behaviors
Workforce Training/Education,1,Unmapped Elements
Participate in Social Media,3,Participate in Social Media
Pricing/Promotions,1,Unmapped Elements
Use Services Again,3,Use Store Pick-up
Community Service,3,Unmapped Future Behaviors
Voice Service Ease,1,Unmapped Elements
Coverage,1,Unmapped Elements
Listings Browsing,1,Product Browsing
Retail Purchase,3,In-Channel Purchase
Shop Again,3,Unmapped Future Behaviors
Likelihood to Pick Up Purchases Offline,3,Use Store Pick-up
US Government,1,Unmapped Elements
Delivery,1,Delivery
Non Website Presence,1,Unmapped Elements
In-Channel Schedule,3,In-Channel Purchase
Preferred Retailer,3,Brand Preference
Purchase - Other Device,3,Other-Channel Purchase
Recommend Association,3,Recommend Company
Additional Services,3,Additional Products/Services
Product Mix,1,Product
Respect,3,Unmapped Future Behaviors
Communicate,3,Communicate Experience
Likelihood to visit a Oakwood,3,Use Service
eReading,3,Unmapped Future Behaviors
Primary Resource - Ordering,3,Unmapped Future Behaviors
Repurchase from Brand,3,Purchase
Purchase HP Sprout,3,Purchase
Sharing,3,Unmapped Future Behaviors
Store Experience - Order Quality,1,Unmapped Elements
Communicate Exp on Social Network,3,Comm Exp on Social Network
Use Other SSA Applications,3,Use More Services
Use ParcelShop Again,3,Unmapped Future Behaviors
Membership,3,Become a Member
Request information,3,Request Future Contact
Service Resolution,1,Service Resolution
Delivery Employees,1,Store Employees
Email Security,1,Unmapped Elements
Human,1,Unmapped Elements
Satisfaction with Company,3,Company/Organization/Brand Satisfaction
Drop off,1,Unmapped Elements
Service Request,1,Unmapped Elements
Perceived Customer Value,3,Unmapped Future Behaviors
Add More Competencies,3,Unmapped Future Behaviors
Brand Preference,3,Brand Preference
Product Quality,1,Product Quality
Director,1,Unmapped Elements
Likelihood to Use More Services,3,Use More Services
Policies and Procedures,1,Unmapped Elements
Return to the USPS automated phone system,3,Return
Event Attendance,3,Unmapped Future Behaviors
Subscribe to Site,3,Subscribe/Renew
Use Other Applications,3,Use More Services
Contact via Contact Center Again for Service,3,Contact Via Channel Again
Likelihood to Increase Business,3,Increase Business
Return to Account Online,3,Return
Mobile Application,3,Unmapped Future Behaviors
Classroom Activities,1,Unmapped Elements
Financial Products,1,Unmapped Elements
Purchase Online-Competitor,3,Purchase from Competitor
Banking - Bill Payment,1,Unmapped Elements
Primary Resource-Tools,3,Primary Resource
Site Information (Non-product),1,Site Information
Courier Demeanor,1,Unmapped Elements
Return to mobile App,3,Return
Modification,3,Unmapped Future Behaviors
Increase Engagement,3,Unmapped Future Behaviors
Subscription Costs,1,Price
Instructor,1,Unmapped Elements
Home Valuation & Price trends,1,Unmapped Elements
Purchase Other Items Online,3,Purchase
USITC Information,1,Site Information
Use Again,3,Use Again
Career Information,1,Site Information
Offline Shop Likelihood Purchase,3,Other-Channel Purchase
Representative Demeanor,1,Unmapped Elements
Schedule Service,3,Unmapped Future Behaviors
Brand Community,3,Unmapped Future Behaviors
Problem Resolution Process,1,Unmapped Elements
Security Information,1,Unmapped Elements
Collection transaction,1,Unmapped Elements
Selection of Listings,1,Unmapped Elements
Recommend - Workshops,3,Recommend Products/Services
Reserve Online-Pickup Offline,3,Use Store Pick-up
Collect Process,1,Pickup Process
Future Company Purchase,3,Unmapped Future Behaviors
Contact Process,1,Unmapped Elements
Recommend USPS,3,Recommend Company
Club Employees,1,Store Employees
Use Webmail,3,Use Service
Pick Up Purhcases Offline,3,Use Store Pick-up
Return to T-Mobile.com,3,Return
Sales Associate Engagement,1,Sales Associate Engagement
Book Reservation Online,3,Make Reservation Online
Contact A Property,3,Contact
Additional Service,3,Purchase
Manage My Account,3,Manage Account
Mobile Website Navigation,1,Navigation
Banking - Use more services,3,Use More Services
Brand Trust,3,Trust
Purchase on T-Mobile.com,3,In-Channel Purchase
Use App,3,Unmapped Future Behaviors
Earning and Learning,1,Unmapped Elements
Purchase for Self,3,Unmapped Future Behaviors
Research Balance Consolidation Again,3,Unmapped Future Behaviors
Recommend Others to Apply Online,3,Unmapped Future Behaviors
Brand Website Engagement,3,Visit Website
Purchase Via Call Center Again,3,In-Channel Purchase
Purchase from company,3,Purchase
Range Activities,1,Unmapped Elements
Recommend Rep,3,Unmapped Future Behaviors
Non- Product Content,1,Unmapped Elements
Continued Use Of Mobile Site,3,Continue Using
Recommend Store Collection,3,Recommend Store Pickup
Return to TMobile Phone Shopping,3,Purchase Next Time
Returns,1,Process
Purchase via Mobile App,3,Purchase via Mobile
Recommend Company/Brand,3,Recommend Company
Use Online Resources,3,Unmapped Future Behaviors
Likelihood to Watch Show Online,3,Unmapped Future Behaviors
Purchase an Insurance Online,3,In-Channel Purchase
Registration,3,Unmapped Future Behaviors
Do Business with a Competitor,3,Unmapped Future Behaviors
Registration,1,Account Setup
Points and Certificates,1,Unmapped Elements
Online Application Process,1,Process
Primary Resource - Support,3,Primary Resource
Task Process,1,Task Process
Request Future Contact,3,Request Future Contact
Purchase Additional Products/Services,3,Additional Products/Services
Energy Resource,3,Unmapped Future Behaviors
Recommend products & services,3,Recommend Products/Services
Communicate Social Network,3,Comm Exp on Social Network
Purchase Jeans Online,3,In-Channel Purchase
Organizational Satisfacation,3,Company/Organization/Brand Satisfaction
Return Before Purchase,3,Unmapped Future Behaviors
Price,1,Price
Keep Installed,3,Unmapped Future Behaviors
Packaging,1,Unmapped Elements
Value,1,Unmapped Elements
Value,3,Unmapped Future Behaviors
Email Navigation,1,Unmapped Elements
Repair Explanation,1,Unmapped Elements
Increase Use of Account Online,3,Unmapped Future Behaviors
Follow on Social Media,3,Follow on Social Media
Recommend Mobile Site,3,Recommend
Likelihood to Contact,3,Contact
Future Purchase Intent (calculated),3,Future Purchase Intent (Calculated)
Likelihood to Use Site Services,3,Use Service
Information,1,Site Information
Idea Browsing,1,Information Browsing
Information,3,Seek More Information
Additional Information,3,Unmapped Future Behaviors
Post Listing Communications,1,Email Communication
Order Management,1,Unmapped Elements
Purchase Via Phone Again,3,In-Channel Purchase
Create,1,Unmapped Elements
Pride,3,Unmapped Future Behaviors
Communication Content,1,Unmapped Elements
Interactivity,1,Unmapped Elements
Benefit Search Results,1,Search Results - Relevance
Contact Advisor,3,Contact
Subscribe after trial,3,Unmapped Future Behaviors
Use a Recipe,3,Use Recipe
Job Browsing,1,Product Browsing
Order Pick-Up,1,Order Pick-up
Store-Channel Purchase,3,Other-Channel Purchase
Return (if applicable),3,Return
On-Line Application Process,1,Process
Spend More Time,3,Unmapped Future Behaviors
Attention Getting,1,Unmapped Elements
Likelihood to Order,3,Unmapped Future Behaviors
Likelihood to use site to search and discover entertainment,3,Unmapped Future Behaviors
Cancellation Communications,1,Unmapped Elements
Use Tesco direct's Click+Collect Service Again,3,Use Service
Likelihood to Book Travel in the Future,3,Make Reservation Online
Voice,1,Voice
Purchase More Products,3,Purchase
Recommend Citibank.com,3,Recommend
Primary Resource for Industry,3,Primary Resource
FAQ Browsing,1,Information Browsing
Purchase Via [CHANNEL] Again,3,Purchase
Service Descriptions,1,Product Descriptions
Download Process,1,Unmapped Elements
Apply for a Mortgage,3,Apply
Navigation - Site Section,1,Navigation
Additional Products,3,Additional Products/Services
Share on Social Media,3,Social Share Content
Brand - Commitment,3,Unmapped Future Behaviors
Likelihood To Do Business,3,Do Business
Purchase BBY.com,3,In-Channel Purchase
Purchase from App,3,Purchase from App
Search Process,1,Search Process
Likelihood to Increase Usage,3,Unmapped Future Behaviors
Information Confidence,3,Unmapped Future Behaviors
Use Online Tutorials,3,Use Service
Contact Pool Professional,3,Contact
Recommend Funeral,3,Recommend Products/Services
Email Content,1,Unmapped Elements
Historical Content,1,Unmapped Elements
Other Websites,1,Unmapped Elements
Organization Citizenship,3,Unmapped Future Behaviors
Primary Resource (Child Ed.),3,Unmapped Future Behaviors
Seek More Information,3,Seek More Information
Purchase Online/Partner Retailer,3,Purchase from Partner/Distributor
Return to Nationwide.com,3,Return
Browsing,1,Product Browsing
Contact Via Channel,3,Contact
Contact Via Email Again,3,Contact Via Channel Again
Consult Supervisor,3,Unmapped Future Behaviors
Recommend Extra Points Program,3,Recommend Program
Contact via Contact Center Again,3,Contact Via Channel Again
Likelihood to Do Business,3,Do Business
Likelihood to Use Site - Plan Information,3,Unmapped Future Behaviors
Information / Product Browsing,1,Information Browsing
Likelihood to Consider,3,Consider Product
Likelihood to Increase Purchase,3,Unmapped Future Behaviors
Purchase Next Time - Online,3,Purchase Next Time
Recommend NPS,3,Recommend
Watch More Live Events On Site,3,Unmapped Future Behaviors
Likelihood to Book Offline,3,Book Reservation Offline
Accesibility,1,Accessibility
Inventory,1,Merchandise
Expand your Business,3,Unmapped Future Behaviors
Savings,1,Unmapped Elements
Recommend CBSSports.com,3,Recommend
Leader,1,Unmapped Elements
Promotions,1,Promotions
Promotions,3,Unmapped Future Behaviors
Apply Next Time,3,Apply
Room and Amenities Browsing,1,Product Browsing
Contact in Future,3,Contact
Trust Hermes,3,Trust
Delivery Driver,1,Unmapped Elements
Purchase products & services,3,Purchase
Future Online Participation,3,Future Online Participation
HBS Information,1,Site Information
Customer Care,3,Unmapped Future Behaviors
Share Website Information,3,Unmapped Future Behaviors
Team,1,Unmapped Elements
Continue Using,3,Continue Using
Purchase from Store,3,Other-Channel Purchase
Context,1,Unmapped Elements
Home Browsing,1,Product Browsing
Purchase - Smartphone,3,Purchase via Mobile
Problem Resolution,1,Problem Resolution
Confidence in Company,3,Brand Confidence
Program Descriptions,1,Product Descriptions
Subscribe to Digital Edition,3,Subscribe/Renew
Likelihood to Download,3,Likelihood to Download & View
Primary Place,3,Primary Resource
Purchase Online,3,In-Channel Purchase
Improve Health,3,Unmapped Future Behaviors
Confidence in Banking,3,Unmapped Future Behaviors
Upgrade Subscription,3,Upgrade
Recommend T-Mobile,3,Recommend Company
Likelihood to Pick Up Purchases,3,Use Store Pick-up
Likelihood to use a Oakwood,3,Visit in Person
Do Business - Affiliate,3,Unmapped Future Behaviors
Book Reservation Offline,3,Book Reservation Offline
Customization,1,Unmapped Elements
Likelihood to Trial Products,3,Unmapped Future Behaviors
Likelihood to use more services,3,Use More Services
Process,1,Unmapped Elements
Access Instructions,1,Unmapped Elements
Impact on Future Behavior,3,Unmapped Future Behaviors
Purchase - This app,3,In-Channel Purchase
Purchase OFFLINE Shopping,3,Other-Channel Purchase
Recommended Products,3,Recommend Products/Services
Tasks & Transactions,1,Tasks and Transactions
Online Purchase,3,In-Channel Purchase
Participate,3,Unmapped Future Behaviors
Future Consideration,3,Unmapped Future Behaviors
Member Benefits,1,Unmapped Elements
Buy from Store,3,Other-Channel Purchase
Play Game,3,Unmapped Future Behaviors
Likelihood to recommend,3,Unmapped Future Behaviors
Program,1,Unmapped Elements
Managing Resource,3,Unmapped Future Behaviors
Use On-Device Chat Support,3,Unmapped Future Behaviors
Store Role,1,Store Role
Continue Business Relationship,3,Recommend Products/Services
Responses,1,Unmapped Elements
Interactive StubHub Maps,1,Unmapped Elements
Communication Features,1,Unmapped Elements
Job Application Process,1,Process
Likelihood to Sponsor,3,Unmapped Future Behaviors
Future Restaurant Visit,3,Visit in Person
Click on an ad,3,Click on an Ad
Menu Item Images,1,Images
Use ParcelShop again,3,Return
News-Content,1,News Content
Increase use of myReports,3,Unmapped Future Behaviors
Fund Information,1,Product Descriptions
Item Descriptions,1,Product Descriptions
PTO,1,Unmapped Elements
Shop at Sears,3,Unmapped Future Behaviors
Program Design,1,Unmapped Elements
Freshness of Content,1,Unmapped Elements
Newsletter Content,1,Content
Score Functionality,1,Unmapped Elements
Control,1,Unmapped Elements
Understandable,1,Unmapped Elements
Pick Up Purchases Offline,3,Use Store Pick-up
Ordering Process,1,Ordering Process
Contact via Phone Again for Service,3,Contact Via Channel Again
Re-Use Content,3,Use Information
Web Experience - Service Information,1,Unmapped Elements
Communicate Favourably,3,Unmapped Future Behaviors
In-Channel Purchase,3,In-Channel Purchase
Vehicle Images,1,Images
Sponsor,3,Unmapped Future Behaviors
Conference Content,1,Unmapped Elements
Likely to Visit an Advertisement,3,Unmapped Future Behaviors
Used vehicle online purchase resource,3,Primary Resource
Use Information,3,Use Information
Employee Hiring Assistance,1,Unmapped Elements
Increase Trades,3,Unmapped Future Behaviors
Use Offline,3,Watch Video Offline
Diabetes Information,1,Site Information
Redemption Process,1,Unmapped Elements
Brands,1,Brand
Share Site Information,3,Unmapped Future Behaviors
Location,1,Unmapped Elements
Likelihood to Plan a Trip,3,Unmapped Future Behaviors
Satisfaction,2,Satisfaction
Contact a Headache Specialist,3,Contact
Monetary Benefit,1,Unmapped Elements
Program/Curriculum,1,Unmapped Elements
Recommend MyRewardZone.com,3,Recommend
Primary Resource Accessing Accts,3,Primary Resource
Security,1,Security
Use Medicare Plan Finder,3,Unmapped Future Behaviors
Use Bill Payment Feature,3,Unmapped Future Behaviors
Purchase offline,3,Other-Channel Purchase
Social Recommend Mobile Site/App,3,Social Recommend
Visit Retail Store,3,Visit in Person
Contest,1,Site Information
Recommend Mobile App,3,Recommend
Prefer Brand,3,Brand Preference
Recommend 0 to 10,3,Recommend Company
Message Response,1,Unmapped Elements
Tour Content,1,Unmapped Elements
Health Benefits,1,Unmapped Elements
Booking,3,Unmapped Future Behaviors
Booking,1,Unmapped Elements
Online Photo Management,1,Unmapped Elements
Subscribe to E-Mail,3,Subscribe/Renew
Brand - Trust,3,Unmapped Future Behaviors
Bank Branch,1,Bank Branch
Recommend Placing Phone Orders,3,Recommend
Flight Browsing,1,Product Browsing
Future Price Intent (Calculated),3,Future Purchase Intent (Calculated)
Manage Using Site,3,Manage and Service Account
Return Policy,3,Return
Preference,3,Brand Preference
Switch,3,Unmapped Future Behaviors
Recipes,1,Recipes
Use Community Forum,3,Use Community Forum
Use as Resource,3,Use Service
Company Preference,3,Brand Preference
Newspaper/Magazine - Content,1,News Content
Open an account,3,Open Additional Accounts
Recommend Site,3,Recommend
Explore,3,Unmapped Future Behaviors
Site Information(Content),1,Site Information
Banking Services,1,Banking Services
Alumni Network and Career services,1,Unmapped Elements
Return to site,3,Return
Likelihood to use WM next time,3,Use Again
Feel More Clear,3,Unmapped Future Behaviors
Empathy,1,Unmapped Elements
Premium Membership,3,Upgrade
Sign-up For A Paid Subscription,3,Upgrade
Message Security,1,Unmapped Elements
Descriptions,1,Product Descriptions
Listing Policies,1,Unmapped Elements
Pre-Delivery,1,Unmapped Elements
Contact Leasing/Sales Agents,3,Contact
Recommend  Site,3,Recommend
Make an Appt,3,Make an Appointment
Recommend - Clients,3,Unmapped Future Behaviors
Retain/keep investments,3,Do Business
First Consideration,3,Unmapped Future Behaviors
Online selling resource,3,Primary Resource
Likelihood to Earn,3,Unmapped Future Behaviors
Visit a gallery in-person,3,Visit in Person
Scheduling and Appointment,1,Unmapped Elements
Sign up for Programs,3,Subscribe/Renew
Instructions for Completion,1,Unmapped Elements
Parcel condition,1,Unmapped Elements
Results,1,Unmapped Elements
Retailer/Organization Satisfaction,3,Company/Organization/Brand Satisfaction
Redeem for Rewards,3,Unmapped Future Behaviors
Teamwork,1,Unmapped Elements
Purchase Online Mobile,3,Purchase Online Mobile
Purchase Company,3,Purchase
Likelihood to Request Brand,3,Inquire with a Doctor
Video Performance,1,Video Performance
Recommend Tesco Direct's Click and Collect Service,3,Recommend Products/Services
Purchase Products Offline,3,Other-Channel Purchase
Purchase via Tablet App,3,Purchase via Mobile
Apply Online for More Products,3,Apply
Contact Again for Service,3,Contact
Brand Opinion,3,Unmapped Future Behaviors
Primary Financial Institution,3,Unmapped Future Behaviors
Book Appointment,3,Make an Appointment
Contact via Channel Again,3,Contact Via Channel Again
Purchase Somewhere else,3,Unmapped Future Behaviors
Channel of Choice,3,Unmapped Future Behaviors
Open Additional Accounts,3,Open Additional Accounts
Request Online Quote,3,Unmapped Future Behaviors
Social Causes,1,Unmapped Elements
Purchase From philosophy,3,Purchase
Offer Appeal,1,Unmapped Elements
Improve - GCA,3,Unmapped Future Behaviors
Primary Resource - Baby,3,Primary Resource
Purchase Other,3,Other-Channel Purchase
Advertising,1,Unmapped Elements
Organizational Satisfaction,3,Company/Organization/Brand Satisfaction
Coach,1,Unmapped Elements
Increase Contribution,3,Purchase
Next Time,3,Purchase Next Time
Purchase Next Time-Offline,3,Purchase Next Time
Purchase at Store,3,Other-Channel Purchase
Sales/Support Experiences,1,Unmapped Elements
Use Tool,3,Use Again
Contact via Phone Again,3,Unmapped Future Behaviors
Primary Purchase,3,Primary Resource
Search Results - Relevance,1,Search Results - Relevance
Resource,3,Unmapped Future Behaviors
Primary Resource: Accounts,3,Primary Resource
Return to T-Mobile Phone Shopping,3,Call Again
Primary Resource - Info,3,Primary Resource
Purchased Items,1,Product Quality
Purchase At Another Site,3,Purchase from Partner/Distributor
Visit Again,3,Return
Content,1,Content
Environment,1,Store Environment
Web Channel,3,Primary Resource
Recommend Products/Srvcs,3,Recommend Products/Services
Register Next Time,3,Unmapped Future Behaviors
Site Information,1,Site Information
Recommend Loyalty Program,3,Recommend Program
Item Images,1,Images
Customer Quality,1,Unmapped Elements
Likelihood to Contact Sales,3,Contact
Social Media,3,Social Share Content
Merchandise / Services,1,Merchandise
Cust Serv Primary Resource,3,Primary Resource
Recommend Secondary Site,3,Unmapped Future Behaviors
Employee Development,1,Unmapped Elements
Product Reviews,1,Unmapped Elements
Learning Activities,1,Unmapped Elements
E-Classroom,1,Unmapped Elements
Likelihood to Purchase,3,Purchase
Purchase GORE-TEX&reg; Product,3,Purchase Next Time
School Confidence,3,Unmapped Future Behaviors
Purchase Movie,3,Purchase
Track Migraine,3,Unmapped Future Behaviors
Account Management,1,Account Management
Tour Guide,1,Unmapped Elements
New Ways to Find,3,Unmapped Future Behaviors
Likelihood to Purchase Store,3,Other-Channel Purchase
Likelihood to Return to Nationwide.com,3,Return
On Floor Service,1,Service
Service,1,Service
Use Store Collection,3,Use Again
Contact,3,Contact
Recommend Agency,3,Recommend Company
Share Content,3,Share Content
Merchandise Availability,1,Unmapped Elements
Payment and Delivery Options,1,Unmapped Elements
Schedule an appointment,3,Unmapped Future Behaviors
Brand Attachment,3,Unmapped Future Behaviors
Likelihood to Motivate,3,Unmapped Future Behaviors
Likelihood to Pick Up Offline,3,Use Store Pick-up
Become Player in Addl League,3,Unmapped Future Behaviors
Use Web Channel Over Others,3,Use Web Channel Over Others
Voice Service Performance,1,Unmapped Elements
Lifestyle Content,1,Unmapped Elements
Purchase Next time,3,Purchase Next Time
Trust - Level,3,Trust
Appointment,1,Unmapped Elements
Associate to Organization,3,Unmapped Future Behaviors
Request Prescription,3,Inquire with a Doctor
Primary Resource - Help,3,Primary Resource
Contact Andersen Support,3,Contact
Employer Recommendation,3,Employer Recommendation
Likelihood to Call,3,Contact
Account Manager,1,Unmapped Elements
Purchase Additional Resources,3,Purchase
Resource-Emergency,3,Unmapped Future Behaviors
Rental Condition,1,Unmapped Elements
Appointment Convenience,1,Unmapped Elements
Open New Account,3,Unmapped Future Behaviors
Search Engine,1,Search
Watch More Live ESPN Events,3,Unmapped Future Behaviors
Visit Property,3,Visit in Person
Likelihood to Use Offline,3,Watch Video Offline
Online Ticket Purchase,3,In-Channel Purchase
Online Transparency,1,Online Transparency
Talk to Health Care Provider,3,Unmapped Future Behaviors
Visit a Cleveland Clinic Doctor,3,Visit in Person
Stay Intent,3,Stay Intent
Contact a Rep,3,Contact
Purchase Online to be Delivered,3,In-Channel Purchase
Broad Content,1,Content
First Resource,3,Primary Resource
Product Descriptions/Info,1,Product Descriptions
Post Additional Listings,3,Unmapped Future Behaviors
On-Device Resolution,1,Unmapped Elements
Likelihood to Contact Call Center,3,Contact
Bill,1,Unmapped Elements
Make a Reservation,3,Book Reservation Offline
Ad,1,Ads
Trust - Level VA,3,Unmapped Future Behaviors
Other-Channel Purchase Coach,3,Other-Channel Purchase
Corporate Communications,1,Unmapped Elements
Product Desirability,1,Product Desirability
Deposit Process,1,Unmapped Elements
Customer Focused,3,Unmapped Future Behaviors
Recommend Store Pickup,3,Recommend Store Pickup
Recommend Capital One Site,3,Recommend
Future Purchase Intenet (Calculated),3,Future Purchase Intent (Calculated)
Purchase Reseller,3,Purchase from Partner/Distributor
Valuable Resource,3,Primary Resource
Online Community Participation,3,Unmapped Future Behaviors
Contact Ideel Again for Service,3,Contact
Newsletter,3,Subscribe/Renew
Contact Agent,3,Contact
Recommend 0 to 10 - NPS,3,Recommend
Order Condition,1,Order Condition
Primary Resource for Business News,3,Primary Resource
Trust with MEDC,3,Unmapped Future Behaviors
Likelihood to use this Healthcare Facility,3,Use Service
Supervision,1,Unmapped Elements
Likelihood to Book Travel Online,3,Make Reservation Online
Quote process,1,Ordering Process
Screened for Colon Cancer,3,Unmapped Future Behaviors
Internal Communication,1,Unmapped Elements
Manage Account,3,Manage Account
Advisor,1,Unmapped Elements
Brand Performance,1,Unmapped Elements
Email Experience,1,Unmapped Elements
Email Registry,3,Unmapped Future Behaviors
Career Path/Advancement,1,Unmapped Elements
Facilities,1,Unmapped Elements
Increase Services,3,Increase Business
Continue Service,3,Subscribe/Renew
Home Images,1,Images
Account Executive,1,Unmapped Elements
Campus Onboarding,1,Unmapped Elements
Purchase In-Store Service,3,Unmapped Future Behaviors
Facilitates Access to Capital,1,Unmapped Elements
Register,3,Subscribe/Renew
Primary Health,3,Primary Resource
Cost of Experiences,1,Unmapped Elements
Email,3,Unmapped Future Behaviors
Participation,1,Unmapped Elements
Newsletter Usefulness,1,Unmapped Elements
Transaction Cost,1,Price
Play in a Fantasy League,3,Unmapped Future Behaviors
Pay,1,Unmapped Elements
Parcel Transaction,1,Unmapped Elements
Likelihood to Apply,3,Apply
Event Page Browsing,1,Product Browsing
Primary Listing Marketing Resource,3,Unmapped Future Behaviors
Likelihood To Return,3,Return
Purchase Next 30 days,3,Unmapped Future Behaviors
Tactical HClx - Plain language,1,Unmapped Elements
Account Manager/Merchant Support,1,Unmapped Elements
Bill Payment Feature,3,Use Service
Messaging Look and Feel,1,Unmapped Elements
Recommend Premier Inn,3,Recommend Company
Purchase Additional Services,3,Purchase
Recommend Instructor,3,Unmapped Future Behaviors
Purchase Online ,3,Purchase Online
Wayfinding,1,Navigation
Best Interests,3,Unmapped Future Behaviors
Recommend this Site,3,Recommend
Brand,1,Brand
Recommend Reward Zone Program,3,Recommend Program
Recommend T-Mobile.com,3,Recommend
Primary Resource - Tools,3,Primary Resource
Brand,3,Unmapped Future Behaviors
Channel Impact,3,Unmapped Future Behaviors
Business Incentive Assistance,1,Unmapped Elements
Coupons,1,Site Information
Logistics,1,Unmapped Elements
Recommend Sony Support,3,Recommend
Return to Download,3,Unmapped Future Behaviors
3rd Party Purchase,3,Unmapped Future Behaviors
Scanner,1,Unmapped Elements
Vaccination Likelihood,3,Unmapped Future Behaviors
Search Results,1,Unmapped Elements
Look and Feel of the eTextbook Reading Experience,1,Look and Feel
Profile Matching,1,Unmapped Elements
Recommend Call Center,3,Recommend Company
Use other online applications,3,Use More Services
Visit a Rated Online Merchant,3,Unmapped Future Behaviors
Likelihood to Return to Site,3,Return
Customization Process,1,Process
Online Community,3,Unmapped Future Behaviors
Phone Accessibility,1,Unmapped Elements
Refer,3,Unmapped Future Behaviors
Likelihood to Pick Up Purch.,3,Unmapped Future Behaviors
Likelihood to Maintain relationship,3,Maintain Relationship
Login with my Collector Number,3,Unmapped Future Behaviors
Subscribe to Magazine,3,Subscribe/Renew
Capitol History,1,Unmapped Elements
Return to the Site,3,Return
Classroom,1,Unmapped Elements
Visit a UVA Health Doctor,3,Visit in Person
Color Browsing,1,Unmapped Elements
Renew Services,3,Subscribe/Renew
Communicate Experience,3,Communicate Experience
Return,3,Return
Contact Call Center,3,Contact
Attend Alum Event,3,Unmapped Future Behaviors
Professional Development,1,Unmapped Elements
Search and discover,3,Unmapped Future Behaviors
Input Process,1,Process
Primary Resource - TRADJENTA,3,Primary Resource
Return This month,3,Return
Meal Planning,3,Unmapped Future Behaviors
Subscribe Renew,3,Subscribe/Renew
Video/Podcast Performance,1,Unmapped Elements
Rental,1,Unmapped Elements
Apply for Job,3,Apply
Decision Involvement,1,Engagement
Likelihood to Purchase In-Store,3,Other-Channel Purchase
Applicant Quality,1,Unmapped Elements
Contact Sales Representative,3,Unmapped Future Behaviors
Software Instructions,1,Unmapped Elements
Use For More Information,3,Unmapped Future Behaviors
Home Descriptions,1,Product Descriptions
Visit in Person,3,Unmapped Future Behaviors
Purchases Offline - General,3,Use Store Pick-up
Hiring Process,1,Unmapped Elements
Job Recognition,1,Unmapped Elements
Book Travel via Mobile,3,Make Reservation Online
Recommend In Store Pickup Again,3,Recommend Store Pickup
Short Sale,3,Unmapped Future Behaviors
Relationship Costs,1,Unmapped Elements
Purchases Offline - Pharmacy,3,Use Store Pick-up
Use Mobile Site-App,3,Access Site Via Mobile
Sales-Service Representative,1,Unmapped Elements
Design Process,1,Unmapped Elements
Job Function(s),1,Unmapped Elements
Brand Recommend,3,Recommend Company
Likely to Share,3,Unmapped Future Behaviors
Likelihood to Recommend DIRECTV,3,Unmapped Future Behaviors
Used Bike Browsing,1,Product Browsing
Purchase by Phone,3,Other-Channel Purchase
Contact Schwan's Home Service Call Center,3,Contact
Confidence following customer service experience,3,Brand Confidence
Credibility,1,Unmapped Elements
Pickup Prcoess,1,Pickup Process
Watch an Online Video,3,Unmapped Future Behaviors
Likelihood to Read,3,Unmapped Future Behaviors
Use 1-800 Number,3,Contact
Experience on Social Network,3,Unmapped Future Behaviors
Returns Process,1,Process
Recommend Company as FSP,3,Recommend Company
Shop at Air Miles Shops,3,Other-Channel Purchase
Purchase More Furniture,3,Purchase Next Time
Trunk,1,Unmapped Elements
Promotion Features,1,Unmapped Elements
Entertainment/Movie Information,1,Site Information
Networking,1,Unmapped Elements
Choose Provider,3,Unmapped Future Behaviors
Center Director,1,Unmapped Elements
Complete and Activity in 30 days,3,Unmapped Future Behaviors
Maintain Relationship,3,Maintain Relationship
Purchase from Other Channel,3,Other-Channel Purchase
Business Growth Assistance,1,Unmapped Elements
Primary Resource,3,Primary Resource
Request Resolution,1,Unmapped Elements
Plain Language,1,Plain Language
Style,1,Look and Feel
Brand Commitment - Preference,3,Brand Preference
Return to CBSSports.com,3,Return
Shopping Source,3,Unmapped Future Behaviors
Purchase Consideration,3,Unmapped Future Behaviors
Provide Ideas,3,Use Community Forum
Contact via Call Center Again,3,Contact Via Channel Again
Deed-In-Lieu,3,Unmapped Future Behaviors
Visit Facebook Page,3,Visit Social Presence
Purchase Prints,3,Unmapped Future Behaviors
Visit a Branch,3,Visit in Person
Contact Call Centre,3,Contact
Flight Information,1,Site Information
Subscribe to Additional Products/Services,3,Purchase
Order Sample,3,Unmapped Future Behaviors
Primary Resource Mobile Site,3,Primary Resource
Order Again,3,Purchase
Recommend DIRECTV.com,3,Recommend
Brand Perception,3,Unmapped Future Behaviors
Supports Entrepreneurship,1,Unmapped Elements
Satisfaction (A11 Satisfaction),2,Satisfaction
Become a Customer,3,Unmapped Future Behaviors
Increase use of my.Dashboard,3,Unmapped Future Behaviors
Prescriptions from app,3,Purchase via Mobile
Contact via contact center Again,3,Contact Via Channel Again
Refund/Replacement Options,1,Unmapped Elements
Request Information,3,Seek More Information
Product Performance,1,Unmapped Elements
Recommend Selling,3,Recommend
Job Accomplishment,1,Unmapped Elements
Seek Medical Advice,3,Unmapped Future Behaviors
Sales Representatives,1,Unmapped Elements
Service Appointment,3,Use Service
Recommend Experience,3,Recommend
Increase Frequency,3,Unmapped Future Behaviors
Rental Return,1,Unmapped Elements
Prim Resource Customer Service,3,Unmapped Future Behaviors
Book Reservation Next Time,3,Make Reservation Online
Social Share Content,3,Social Share Content
Contact Again,3,Contact
Purchase Insurance,3,Purchase
Future Purchase,3,Purchase
Sharing of Newsletter,3,Unmapped Future Behaviors
Taxes,1,Unmapped Elements
Search Results-Relevance,1,Search Results - Relevance
Recommend Website,3,Recommend
Order Transactions,1,Ordering Process
Purchase from Catalog/Phone,3,Other-Channel Purchase
Shipping Process,1,Unmapped Elements
Upload Results,3,Unmapped Future Behaviors
Quote Content,1,Content
Primary Resource Retirement,3,Primary Resource
Product Browsing,1,Product Browsing
Recommend Placing Orders,3,Recommend
Primary Resource Online Sports,3,Primary Resource
Stylist,1,Unmapped Elements
Visit,3,Visit in Person
Likelihood to Watch Show on T.V.,3,Unmapped Future Behaviors
Tasks and Transactions,1,Tasks and Transactions
OFFLINE Shopping,3,Other-Channel Purchase
Likelihood to Use Website as Primary Channel,3,Primary Resource
Primary Online Resource,3,Primary Resource
Subscribe Print Edition,3,Subscribe/Renew
Representative's Demeanor,1,Sales Associate Engagement
Ask a Question,3,Unmapped Future Behaviors
Online Participation- SM Tools,3,Unmapped Future Behaviors
Purchase from Dealership,3,Other-Channel Purchase
Utility Service,1,Unmapped Elements
Store Atmosphere,1,Store Atmosphere
Recommend School,3,Unmapped Future Behaviors
Topic,1,Unmapped Elements
Visit a Six Flags Park,3,Unmapped Future Behaviors
Historical Records,1,Unmapped Elements
Hand out Flyers,3,Unmapped Future Behaviors
Complete Quote Request Online,3,Unmapped Future Behaviors
Payment Experience,1,Unmapped Elements
Banking - Likelihood to Use More Services,3,Use More Services
Likelihood to Recommend Site,3,Recommend
Use Delta Vacations in Future,3,Use Again
Fees,1,Unmapped Elements
Funcionality,1,Functionality
Pursue a Career,3,Unmapped Future Behaviors
Strategy,1,Unmapped Elements
Recommend Target.com,3,Recommend
Use a Nestlé Product,3,Use Product
Recommend JEA automated phone system,3,Unmapped Future Behaviors
Representative,1,Service Representative
Likelihood to use Dashboard,3,Unmapped Future Behaviors
Recommend This Company,3,Recommend Company
StubHub Policies,1,Unmapped Elements
Primary Health Resource,3,Primary Resource
SSA FAQ Information,1,Site Information
Seller Education/Communication,1,Unmapped Elements
Usage Credit Card More Often,3,Use More Frequently
Manage Account with App,3,Manage Account
Purchase from Dealer,3,Purchase from Partner/Distributor
Recommend Forum,3,Recommend
SSA Information,1,Site Information
Brand Positioning,1,Unmapped Elements
Purchase from Another,3,Purchase from Partner/Distributor
Travel Options,1,Unmapped Elements
Alzheimer's Information,1,Site Information
Lead Generation Activities,1,Unmapped Elements
Tactical HClx - Complexity,1,Unmapped Elements
Change Lifestyle,3,Unmapped Future Behaviors
Family Focus,3,Unmapped Future Behaviors
Course Recommendation,3,Unmapped Future Behaviors
Likelihood to Use Again,3,Use Again
Likelihood to Do Business with a Competitor,3,Unmapped Future Behaviors
Repair,1,Unmapped Elements
Trial,3,Unmapped Future Behaviors
Subscribe Digital Edition,3,Subscribe/Renew
Return Train Information,3,Unmapped Future Behaviors
Social Sharing - Recommend Prod,3,Unmapped Future Behaviors
Character Skills,1,Unmapped Elements
Other-Channel,3,Other-Channel Purchase
Schedule an Appointment,3,Make an Appointment
Use the Site Next Time,3,Use Again
Purchase Other Items Offline,3,Unmapped Future Behaviors
Pure Michigan Branding,1,Unmapped Elements
Pay Bills Mobile Site,3,Manage and Service Account
Place Another Quote,3,Use Again
Primary Lottery Resource,3,Primary Resource
Favorability,3,Unmapped Future Behaviors
Use More Frequently,3,Use More Frequently
Visit Dealership,3,Visit in Person
Subscribe to Website,3,Subscribe/Renew
Visit a Museum in-Person,3,Visit in Person
Likelihood to Sell Next Time,3,Use Again
Likelihood to Call DIRECTV,3,Unmapped Future Behaviors
Contact via Telephone Again for Service,3,Contact Via Channel Again
Contact via call center Again for Service,3,Contact Via Channel Again
recommend,3,Recommend
More Productive,3,Unmapped Future Behaviors
Brand Commitment - SiteLift,3,Unmapped Future Behaviors
Contact Location,3,Contact
Agency Information,1,Unmapped Elements
Retention,3,Become a Member
Sign Up for Free Trial,3,Subscribe/Renew
Future Transactions,3,Use Again
Impact on Email Behavior,3,Unmapped Future Behaviors
Primary Resource-ACC,3,Primary Resource
Infrastructure,1,Unmapped Elements
Use Services Provided,3,Use Service
Pay Future Bills,3,Manage and Service Account
Open an Account,3,Open Additional Accounts
Aircraft Browsing,1,Product Browsing
Courier,1,Unmapped Elements
Return Mobile,3,Return
Travel Option Browsing,1,Product Browsing
Recommend - Company,3,Recommend Company
Intuit Marketplace,3,In-Channel Purchase
Return to CBSNews.com,3,Return
Community Participation,3,Community Participation
Ticket Delivery,1,Unmapped Elements
Expand Services,3,Use More Services
Likelihood to Plan Trip,3,Unmapped Future Behaviors
Workload,1,Workload
Primary Resource - Information,3,Primary Resource
Use Energy/Water Usage Tools,3,Unmapped Future Behaviors
Likelihood to Purchase Tickets,3,Purchase
Newspaper/Magazine - Classifieds,1,Unmapped Elements
Purchase from Online Catalog,3,Other-Channel Purchase
Email Communication,1,Email Communication
Design Win,3,Unmapped Future Behaviors
Lovesac Flexibility,1,Unmapped Elements
Manage Services,3,Manage and Service Account
Compliance,3,Unmapped Future Behaviors
Image Browsing,1,Product Browsing
Benefits,1,Unmapped Elements
Online Services,1,Service Quality
Renew Subscription,3,Subscribe/Renew
Prices,1,Prices
Application Status Notifications,1,Unmapped Elements
IK Requests,3,Unmapped Future Behaviors
Contribute Content,3,Unmapped Future Behaviors
Look,1,Look and Feel
Recommend Sprout,3,Recommend
Increase Business Online,3,Increase Business
Resources and IVR,1,Unmapped Elements
Site Purchase Influence,3,Unmapped Future Behaviors
Use Content,3,Use Information
Expand Relationship,3,Increase Business
Clothing,1,Unmapped Elements
Contact Via Call Center Again,3,Contact Via Channel Again
Purchase/Specify,3,Purchase
Purchase - this mobile site,3,In-Channel Purchase
Points Influence,3,Unmapped Future Behaviors
Visit a Sponsored Link,3,Visit A Sponsored Link
Information Browsing,1,Information Browsing
Primary resource,3,Primary Resource
Contact Via Non-Phone,3,Unmapped Future Behaviors
Convenience,1,Convenience
Course Browsing,1,Product Browsing
Conference Vendors,1,Unmapped Elements
Use Tesco Direct's Click and Collect Service,3,Use Service
Affinity,3,Unmapped Future Behaviors
Return to Capital One Site,3,Return
Book Next Time,3,Make Reservation Online
Agent Satisfaction,1,Service Representative
Brand Preference for Photo Merchandise,3,Brand Preference
E-Newsletter Content,1,Unmapped Elements
Likelihood to Apply.,3,Apply
Purchase Next 6 Months,3,Purchase Next Time
Seek More Info Military,3,Seek More Information
Primary Results Resource,3,Unmapped Future Behaviors
Use Mobile App/Site,3,Access Site Via Mobile
Shopping,3,Other-Channel Purchase
Click on an Ad,3,Click on an Ad
Primary Home Page,3,Unmapped Future Behaviors
Use website rather than Contact Call Center,3,Use Web Channel Over Others
Likelihood to Purchase Locally,3,Other-Channel Purchase
Electronic Banking,1,Unmapped Elements
Comment on Blog,3,Unmapped Future Behaviors
Likelihood to do Business,3,Use Again
Purchase In-Store,3,Other-Channel Purchase
Momentum,3,Unmapped Future Behaviors
Workforce Planning,1,Unmapped Elements
Hire Agent,3,Unmapped Future Behaviors
Trust,3,Trust
Return This Month,3,Return
Guidance,1,Unmapped Elements
Brand More Info,3,Seek More Information
Application and Closing,1,Unmapped Elements
Local Chapters,1,Unmapped Elements
Use Site Via Mobile Device,3,Access Site Via Mobile
Likelihood to Purchase Next Time,3,Purchase Next Time
Watch a Video,3,Watch Video Online
Recommend Behr,3,Recommend
Recommend Microsoft Products,3,Recommend Products/Services
Banking - Use More Services,3,Use More Services
Lovesac Seating Needs,1,Unmapped Elements
Purchase From Store,3,Other-Channel Purchase
Contact Again For Service,3,Contact
Service Agent,1,Unmapped Elements
Bid on products & services,3,Unmapped Future Behaviors
Color Images,1,Unmapped Elements
Recommend App,3,Recommend
Subscribe,3,Subscribe/Renew
Subscribe to Additional Services,3,Purchase
Renewal,3,Unmapped Future Behaviors
Privacy,1,Privacy
Do Business,3,Do Business
Tactical HClx - Pace,1,Unmapped Elements
Increase Viewing,3,Unmapped Future Behaviors
Purchase with App,3,Purchase Next Time
Game Performance,1,Unmapped Elements
Visit cemetery,3,Visit in Person
Product Description,1,Product Descriptions
Trusted Resource,3,Unmapped Future Behaviors
Used Vehicle Online Purchase Resource,3,Primary Resource
Employee Advocacy,3,Unmapped Future Behaviors
Contact a Local Agent,3,Unmapped Future Behaviors
Watch More ESPN Video Content,3,Unmapped Future Behaviors
Marketing Tools,1,Unmapped Elements
Resort Price,1,Price
Visit a St. John Doctor,3,Visit in Person
Contact via Non-Phone,3,Unmapped Future Behaviors
Prescribe,3,Unmapped Future Behaviors
Purchase Likelihood,3,Purchase
Product Recommendation,3,Recommend Products/Services
In-Store Purchase,3,Other-Channel Purchase
Express Thoughts,3,Future Participation
Likelihood to Log In to Secured Section,3,Unmapped Future Behaviors
Use Mobile Site,3,Use Mobile Site/App
Resort-Page Images,1,Images
Recent Purchase,1,Unmapped Elements
Likelihood to Use Mobile Site (BCBSM),3,Access Site Via Mobile
Transparency,3,Unmapped Future Behaviors
Primary Resource Prod. Info,3,Primary Resource
Search Engines,1,Search
Transparency,1,Online Transparency
Human Resources (HR) Interaction,1,Unmapped Elements
Apply in office for Benefits,3,Unmapped Future Behaviors
Customer Focus,3,Customer Focus
Store Experience - Checkout,1,Unmapped Elements
Customer Service Primary Resource,3,Primary Resource
Recommend Start a Business,3,Unmapped Future Behaviors
Promotion,1,Ads
Empowerment,1,Empowerment
Use Medicare.gov,3,Unmapped Future Behaviors
Organization Satisfaction,3,Company/Organization/Brand Satisfaction
Recommend Forums,3,Recommend
Apply for a Loan Online,3,Apply
Purchase Products in 3 Months,3,Purchase Next Time
Regulatory Climate Perception,3,Unmapped Future Behaviors
Purchase Ticket,3,Purchase
Call Customer Care,3,Contact
Use Services,3,Use Service
Do business,3,Do Business
Visit Cemetery,3,Visit in Person
Job Descriptions,1,Product Descriptions
Primary Resourse,3,Primary Resource
Transaction Costs,1,Price
Renew or buy a subscription,3,Subscribe/Renew
App Information,1,App Information
Book a Hotel,3,Make Reservation Online
Visit Website First,3,Unmapped Future Behaviors
Menu Item Browsing,1,Product Browsing
Likelihood to Return for Product or Service,3,Unmapped Future Behaviors
Purchase Intent,3,Purchase
SATISFACTION,2,Satisfaction
Associates,1,Associates
Consider Consolidation,3,Unmapped Future Behaviors
Purchase Next Time-Online,3,Purchase Next Time
Social Recommend Site,3,Social Recommend
Conduct business with Advertiser,3,Conduct business with Advertiser
Purchase Online Pickup In Store,3,Use Store Pick-up
Customer Valued,3,Unmapped Future Behaviors
Online Shop Likelihood Purchase,3,In-Channel Purchase
Share,3,Share Content
Purchase From a Vendor,3,Purchase from Partner/Distributor
Member Service,1,Member Service
Consume Content,3,Unmapped Future Behaviors
Information Descriptions,1,Unmapped Elements
Purchase Services,3,In-Channel Purchase
Look and Feel - Site Section,1,Look and Feel
Knowledge,1,Knowledge
Professionalism,1,Professionalism
Returns Costs,1,Price
Use More Online Services,3,Use More Services
Make Additional Purchases,3,Purchase
Likelihood to Visit - State,3,Unmapped Future Behaviors
Increase Time Spent,3,Unmapped Future Behaviors
Technical Support,3,Contact
eTextbook Reading - Look & Feel,1,Look and Feel
Listing Information,1,Unmapped Elements
Payment Options,1,Unmapped Elements
Kids Content,1,Unmapped Elements
Subscribe/Renew Subscription,3,Subscribe/Renew
Culture,1,Culture
Inflight,1,Unmapped Elements
Primary Resource - Web,3,Primary Resource
Improved Perception,3,Unmapped Future Behaviors
Health Changes,3,Unmapped Future Behaviors
Recipe Images,1,Images
Media,1,Merchandise
Calling Plan Information,1,Calling Plan Information
Account Opening Process,1,Unmapped Elements
Brand - Prefer,3,Unmapped Future Behaviors
Emotional Appeal,1,Unmapped Elements
Stylist Next Time,3,Unmapped Future Behaviors
Usefulness/relevance of Content,1,Unmapped Elements
Main Resource,3,Primary Resource
Primary Resource for Client Acct,3,Manage and Service Account
Purchase Product Online,3,In-Channel Purchase
Rates,1,Unmapped Elements
Recommend CBSNews.com,3,Recommend
Employees,1,Unmapped Elements
Use Email/Chat Support,3,Use Service
Recommend Credit Union,3,Recommend Company
Digital Services,1,Unmapped Elements
Product Info / Content,1,Unmapped Elements
Make an Appointment,3,Make an Appointment
Rewards,1,Unmapped Elements
Tasks/ Transactions,1,Tasks and Transactions
Store Team Members,1,Unmapped Elements
Recommend Account Online,3,Recommend
Buy with App Over Site,3,Unmapped Future Behaviors
Register on CBSSports.com,3,Subscribe/Renew
Return Experience,1,Unmapped Elements
Call Direct Number,3,Contact
Likelihood to Purchase Offline,3,Other-Channel Purchase
Snapdragon Purchase Intent,3,Unmapped Future Behaviors
Apply Online,3,Apply
Request Product,3,Unmapped Future Behaviors
Tactical HClx - Consistency,1,Unmapped Elements
Purchase Next Time,3,Purchase Next Time
Healthypeople Engagement,3,Unmapped Future Behaviors
Watch More Video/Podcast,3,Unmapped Future Behaviors
ASAT,1,Service Representative
Use Store Pick Up Again,3,Unmapped Future Behaviors
View Program on TV,3,Unmapped Future Behaviors
Contact via [CHANNEL] Again for Service,3,Contact Via Channel Again
Contact SSA,3,Contact
In-Store Visit,3,Unmapped Future Behaviors
Store,1,Store Atmosphere
Video Browsing,1,Product Browsing
Purchase Product Offline,3,Other-Channel Purchase
Furniture Configuring,1,Unmapped Elements
Point Structure,1,Point Structure
Magazine Content,1,Content
Use BA in Future,3,Unmapped Future Behaviors
Compensation,1,Compensation
Food and Beverage Service,1,Unmapped Elements
Search Results - Look & Feel,1,Search Results - Look and Feel
Medicare Plan Finder Process,1,Search Process
Contact via Call Center Again for Service,3,Contact Via Channel Again
Exam,1,Unmapped Elements
Return to Mobile Site,3,Return
Likelihood to Subscribe,3,Subscribe/Renew
Images,1,Images
Communications,1,Unmapped Elements
Recommend Tour,3,Unmapped Future Behaviors
Creating Emergency Plan,3,Unmapped Future Behaviors
Job Responsibilities,1,Unmapped Elements
Renew or Buy a Subscription,3,Subscribe/Renew
Log Into Secured Section,3,Unmapped Future Behaviors
Play More ESPN Fantasy Games,3,Use More Services
Purchase over the Phone,3,Other-Channel Purchase
Monitoring System,1,Unmapped Elements
Register on CBSNews.com,3,Subscribe/Renew
Visit Branch,3,Visit in Person
Company Brand Confidence,3,Brand Confidence
In Person Visit,3,Visit in Person
Airfare,1,Unmapped Elements
Contact a Listing,3,Unmapped Future Behaviors
Purchase For Self,3,Purchase Next Time
Purchase Tablet Online,3,In-Channel Purchase
Rent Again,3,Purchase Next Time
Employee Initiative,3,Employee Initiative
Purchase from Call Centre,3,Other-Channel Purchase
Value (Seller),1,Unmapped Elements
Purchase from Partner/Distributor,3,Purchase from Partner/Distributor
Uploading Photos,1,Unmapped Elements
Use In-Store Pickup,3,Use Store Pick-up
Positive Review Online,3,Unmapped Future Behaviors
Use Tesco direct's Click+Collect Service,3,Use Service
Sales,1,Unmapped Elements
Visit Hershey Resort/Park,3,Visit in Person
Likelihood to Purchase At Store,3,Other-Channel Purchase
Tasks Transactions,1,Tasks and Transactions
Purchase Brand,3,Purchase
Primary Resource Product,3,Unmapped Future Behaviors
Support Options,1,Unmapped Elements
Communicate Exp on Social Netwrk,3,Comm Exp on Social Network
Discussion/Bulletin Board Sites,1,Unmapped Elements
Renew Service,3,Subscribe/Renew
Store Experience - Order Pickup Efficiency,1,Unmapped Elements
Increase Business with Citibank,3,Increase Business
Purchase Catalog,3,Other-Channel Purchase
Site Content,1,Content
Primary communication and collaboration Resource,3,Unmapped Future Behaviors
Recommend Meetings and Engagements,3,Unmapped Future Behaviors
Job Posting Process,1,Unmapped Elements
Visit an Ad,3,Click on an Ad
In-Channel,3,In-Channel Purchase
Recommend HSN,3,Recommend Company
Purchase Remote/Online Service,3,Unmapped Future Behaviors
Scheduling,1,Unmapped Elements
Custom Tools,1,Unmapped Elements
Likelihood to Purchase Online (,3,In-Channel Purchase
Conference Networking,1,Unmapped Elements
Recommend Prodcuts,3,Recommend Products/Services
Return to same Leader,3,Unmapped Future Behaviors
Use Mobile Channel Over Others,3,Unmapped Future Behaviors
Brand Positivity,3,Unmapped Future Behaviors
Outlet Purchase,3,Unmapped Future Behaviors
Return Transaction,1,Unmapped Elements
Customer Service,1,Unmapped Elements
Use Mobile App,3,Use Mobile Site/App
Subscribe to Print Edition,3,Subscribe/Renew
Brand Recommendation,3,Recommend Company
Purchase online,3,In-Channel Purchase
Contact a Botox Specialist,3,Contact
More Information,3,Seek More Information
Purchase Next 30 Days,3,Purchase Next Time
Continue as a student,3,Unmapped Future Behaviors
Training Content,1,Unmapped Elements
Company Satisfaction,3,Company/Organization/Brand Satisfaction
Forward Content,3,Share Content
Newsletter Length,1,Unmapped Elements
Likelihood To Use Again,3,Use Again
Recommend Brand,3,Recommend Company
Sales Representative,1,Sales Representative
Likelihood to Become a Member,3,Become a Member
Recommend - Meeting,3,Recommend Program
Recommend Department,3,Unmapped Future Behaviors
Staff Professionalism,1,Unmapped Elements
Apply for More Online Services,3,Apply
Blog Information,1,Site Information
Purchase Products,3,Purchase
Purchase as a gift,3,Unmapped Future Behaviors
Career Services,1,Career Services
Used Bike Information,1,Product Descriptions
Airport,1,Unmapped Elements
Brand - Competitive,3,Unmapped Future Behaviors
Return Service,1,Unmapped Elements
Primary Resource for Information,3,Primary Resource
Project Consultation,3,Use Service
Recommend Advisor,3,Unmapped Future Behaviors
Articles,1,Unmapped Elements
Price/Number of Points,1,Unmapped Elements
Free Trial,3,Unmapped Future Behaviors
Confidence in Buying,3,Unmapped Future Behaviors
Primary Online - Products,3,Primary Resource
Seek Treatment Options,3,Unmapped Future Behaviors
Donate,3,Donate
Recommend Web Pickup,3,Recommend Store Pickup
Purchase at Airport,3,Purchase
Contact a real estate pro.,3,Unmapped Future Behaviors
Purchase Product,3,Purchase
Continue Subscription,3,Subscribe/Renew
Likelihood To Purchase,3,Purchase
Buy with App Not Store,3,Unmapped Future Behaviors
Drop off Transaction,1,Unmapped Elements
Likelihood to Use in Future,3,Use Store Pick-up
Take action based on ads,3,Unmapped Future Behaviors
Check Out,1,Checkout
Primary Resource for Accounts,3,Use Web Channel Over Others
Delivery Appointment,1,Unmapped Elements
Shop - Likely to Purchase Online,3,In-Channel Purchase
Use Mobile,3,Use Mobile Site/App
Service Delivery,1,Unmapped Elements
Recommend In Store Pickup,3,Recommend Store Pickup
Lovesac Style,1,Unmapped Elements
Purchase from Catalog,3,Other-Channel Purchase
Advancement,1,Advancement
Recommen,3,Recommend
Perception of Michigan,3,Unmapped Future Behaviors
Purchase in the Future,3,Purchase Next Time
Use Facilities,3,Use a Facility
Visit Offline,3,Visit in Person
Advocate for Michigan,3,Unmapped Future Behaviors
Recommendation Results,1,Unmapped Elements
Listing Presentation,1,Unmapped Elements
Likelihood to Visit the Website,3,Visit Website
Image,1,Image
Job Satisfaction,2,Job Satisfation
Job Satisfaction,1,Unmapped Elements
Image,3,Brand Commitment
Manage Future Service Transactions,3,Primary Resource
Discuss,3,Unmapped Future Behaviors
Service Information,1,Unmapped Elements
Purchase Consideration ,3,Unmapped Future Behaviors
Future Participation,3,Future Participation
Likelihood to Continue Membership,3,Continue Relationship
Community Descriptions,1,Product Descriptions
Brand Confidence - Preference,3,Brand Preference
Open Account,3,Open Additional Accounts
Increase Number Purchased,3,Increase Business
Premium Subscribe,3,Unmapped Future Behaviors
Primary Resource - Pregnancy,3,Primary Resource
Enroll Evercare Healthcare Plan,3,Unmapped Future Behaviors
Recommendation,3,Recommend Company
Likelihood to Use Resources,3,Use Service
Primary Online Resource - Ideas / Inspiration,3,Primary Resource
Products - Apparel,1,Products
Join Life Reimagined,3,Unmapped Future Behaviors
Purchse TV Offline,3,Other-Channel Purchase
Likelihood to Visit - Site,3,Visit Website
Purchase Subscription,3,Unmapped Future Behaviors
Sign Up For Newsletters,3,Subscribe/Renew
Increase Usage,3,Unmapped Future Behaviors
Service Explanation,1,Unmapped Elements
Retailer/Org Satisfaction,3,Company/Organization/Brand Satisfaction
Tasks / Transactions,1,Tasks and Transactions
Application,1,Unmapped Elements
Application,3,Unmapped Future Behaviors
Banking - Apply for a Loan,3,Apply
Purchase In the Future,3,In-Channel Purchase
Download App,3,Unmapped Future Behaviors
Hotel Images,1,Images
Other future use of Avios,3,Use Again
Additional Resource,3,Unmapped Future Behaviors
Conference Location,1,Unmapped Elements
Attend Again,3,Unmapped Future Behaviors
Visit Store,3,Visit in Person
Email Information,1,Unmapped Elements
Confidence in resolution,3,Unmapped Future Behaviors
Purchase from Mobile Site,3,Unmapped Future Behaviors
Recommend Online Support,3,Recommend Products/Services
Instore Benefits,1,Convenience
Insurance Product Descriptions,1,Product Descriptions
Likelihood to use a Mayo Clinic Health System Facility,3,Primary Resource
Primary Source,3,Primary Resource
Call DIRECTV,3,Unmapped Future Behaviors
Account Opening,1,Unmapped Elements
Brand Relationship,3,Unmapped Future Behaviors
Promotions/ Ads,1,Ads
Satisfaction Questions,2,Satisfaction
Attend a Game,3,Unmapped Future Behaviors
Website Performance,1,Site Performance
Downloads,1,Unmapped Elements
Recommend Online Application,3,Recommend
Website Role,1,Website Role
Likelihood to Recommend,3,Recommend
Account Set-up,1,Account Setup
Products,1,Products
Author/Continue to Author,3,Unmapped Future Behaviors
Register for Savings,3,Unmapped Future Behaviors
Supplemental Content,1,Unmapped Elements
Service Browsing,1,Product Browsing
Purchase Other Online Retailers,3,Purchase from Partner/Distributor
Discuss Product,3,Unmapped Future Behaviors
Use Web Channels Over Others,3,Use Web Channel Over Others
Likelihood to Apply Again,3,Apply
Listing/Managing Process,1,Process
Brand Love,3,Unmapped Future Behaviors
Increase # of Products Purchased,3,Increase Business
Profile Descriptions,1,Unmapped Elements
Vehicle Browsing,1,Product Browsing
Price (Transaction Costs),1,Price
Use Additional Services,3,Use More Services
Certification,3,Unmapped Future Behaviors
Return to Citibank.com,3,Return
Articles and Videos,1,Site Information
Payment,1,Unmapped Elements
Return Process,1,Unmapped Elements
Use Sony Support,3,Use Service
Paid Time Off (PTO),1,Unmapped Elements
Look and feel,1,Look and Feel
Apply Again,3,Apply
Recommend this organization,3,Recommend Company
Contact Via Contact Center Again For Service,3,Contact
Purchase Via Call Center,3,Purchase via Telephone Call
Confident to reaching resolution via channel,3,Unmapped Future Behaviors
Return to Target.com,3,Return
Tactical HClx - Navigation,1,Unmapped Elements
Email Communications,1,Email Communication
Manage Future Service Trans,3,Unmapped Future Behaviors
Merchandise/Services,1,Merchandise
Select Next Time,3,Purchase Next Time
Engagement,1,Engagement
Shopping-Likelihood to Purchase,3,In-Channel Purchase
Consultation,3,Use Service
Industry Leader,3,Unmapped Future Behaviors
Purchase - Another site,3,Purchase from Partner/Distributor
Use Online Bill Payment Feature,3,Unmapped Future Behaviors
Solutions,3,Unmapped Future Behaviors
Information Content,1,Site Information
Recommend Site for Purchase,3,Recommend
Continue Partnership,3,Do Business
Coworkers,1,Coworkers
Service agent,1,Service Representative
Retailer/Organization Sat,3,Company/Organization/Brand Satisfaction
Subscribe to Newsletters,3,Unmapped Future Behaviors
Code Information,1,Site Information
Comment,3,Unmapped Future Behaviors
Use Site Again,3,Unmapped Future Behaviors
Likelihood to Leave FSR,3,Unmapped Future Behaviors
Recommend Tool,3,Recommend
Resort Descriptions,1,Product Descriptions
Purchase Online Mobile Site,3,Purchase via Mobile
Use Home Delivery,3,Use Again
Change diet & lifestyle,3,Unmapped Future Behaviors
Enroll in Support Site,3,Unmapped Future Behaviors
Recommend Sales Support Orders,3,Unmapped Future Behaviors
Use in the Future,3,Use Service
Communicate Experience on Blog,3,Unmapped Future Behaviors
Examiner,1,Unmapped Elements
Sales Staff Engagement,1,Sales Associate Engagement
Vehicle Rental Browsing,1,Product Browsing
Look & Feel,1,Look and Feel
Recommend Tools,3,Unmapped Future Behaviors
Likelihood to Call Great Wolf,3,Contact
Product Information,1,Product Descriptions
Likelihood to Register,3,Subscribe/Renew
Primary Resource for Citi Info,3,Primary Resource
Use Mobile App Again,3,Use Again
Association Satisfaction,3,Company/Organization/Brand Satisfaction
Watch Online,3,Watch Video Online
Checkout,1,Checkout
Service Quality,1,Service Quality
Other Advertisers,3,Unmapped Future Behaviors
Online Participation - Discuss,3,Future Online Participation
Consumption of Resources,3,Use Service
Likely to Initiate Business,3,Unmapped Future Behaviors
Future Email Behavior,3,Unmapped Future Behaviors
View Blog,3,Unmapped Future Behaviors
Com Experience on Social Network,3,Comm Exp on Social Network
Supervisor,1,Supervisor
Recommend Newsletter,3,Unmapped Future Behaviors
Call Customer Service,3,Contact
Sharing Photos,1,Unmapped Elements
Software Interface,1,Unmapped Elements
Primary Resource-Help,3,Primary Resource
Instructors,1,Unmapped Elements
Order Collection,1,Order Pick-up
Sign Up for Services,3,Additional Products/Services
Other Channel Schedule,3,Other-Channel Purchase
Post Content,1,Unmapped Elements
Recommend University,3,Recommend Company
Merchandise,1,Merchandise
Consider Job  with Fed Gov't,3,Unmapped Future Behaviors
Digital Interaction,1,Unmapped Elements
Blog Content,1,Content
eTextbook Reading Experience Performance,1,Unmapped Elements
Book a Trip,3,Make Reservation Online
Editorial Position,1,Unmapped Elements
Product Specifications,1,Product Descriptions
Travel Prices,1,Price
Wellness Check-In,1,Unmapped Elements
Simple,1,Unmapped Elements
Purchase From App,3,In-Channel Purchase
Weigh-in,1,Unmapped Elements
Purchase Accessories,3,Unmapped Future Behaviors
Brand Image,1,Brand/Image
Communicate Blog,3,Unmapped Future Behaviors
Tablet,3,Unmapped Future Behaviors
Brand Image,3,Unmapped Future Behaviors
Purchase Online Full Site,3,In-Channel Purchase
Use Products,3,Use Product
Support Information,1,Site Information
Read Print Magazine,3,Unmapped Future Behaviors
Communication,1,Unmapped Elements
Recommend Company 0 to 10,3,Recommend Company
Future Site Purchase,3,Unmapped Future Behaviors
Call,3,Contact
Order Process,1,Ordering Process
Task/Ordering Process,1,Unmapped Elements
Provide Feedback,3,Unmapped Future Behaviors
Photo Process,1,Unmapped Elements
Return to same Wellness Coach,3,Unmapped Future Behaviors
Recommend Programming,3,Recommend Products/Services
Paid Time Off,1,Unmapped Elements
Product Range,1,Merchandise
Seek More Info Career,3,Seek More Information
Product Descriptions,1,Product Descriptions
Future Use of Products,3,Use More Services
Banking - Use More Frequently,3,Use More Frequently
Member Website,1,Unmapped Elements
Visit CNET.com,3,Unmapped Future Behaviors
Program Partners,1,Program Partners
Visit website,3,Visit Website
Medicare Plan Finder- Results,1,Search Results - Relevance
Primary Resource for Learning,3,Primary Resource
Watch More Videos,3,Watch Video Online
Primary Listing Information Resource,3,Unmapped Future Behaviors
Use Website,3,Use Website
Purchase on App,3,Purchase via Mobile
Player in an Fantasy League,3,Unmapped Future Behaviors
Visit Next Time,3,Unmapped Future Behaviors
Purchase next time,3,Purchase Next Time
Purchase tickets,3,In-Channel Purchase
Post-purchase Communications,1,Unmapped Elements
Human Resources (HR) Support,1,Unmapped Elements
Buy and Play Game Online,3,In-Channel Purchase
Teacher(s),1,Unmapped Elements
Brand Engagement,3,Brand Engagement
Watch/Read More Mobile Content,3,Unmapped Future Behaviors
Schedule Next Time,3,Unmapped Future Behaviors
Talk to Professional Vaccine,3,Unmapped Future Behaviors
Response Speed,1,Response Speed
StubHub FanProtect Policies,1,Unmapped Elements
Purchase Online at CardScan.com,3,In-Channel Purchase
Programs,1,Videos
Increase Business,3,Increase Business
Seek More,3,Seek More Information
Likelihood to Log Into Secured Section,3,Use Service
Vehicle Rental Descriptions,1,Product Descriptions
Teacher,1,Unmapped Elements
Use App Over Others,3,Unmapped Future Behaviors
Use Mobile Site/App,3,Use Mobile Site/App
eTextbook Reading -Functionality,1,Functionality
Increase Investment,3,Unmapped Future Behaviors
Purchase Via Channel Again,3,Purchase
Ease of Doing Business,3,Unmapped Future Behaviors
Use Site Via Tablet,3,Use Site via Mobile Device
Search Interface,1,Search Interface
Lovesac Durability,1,Unmapped Elements
Subscribe to Data Center,3,Subscribe/Renew
Return Next Time,3,Return
Continue in Role,3,Unmapped Future Behaviors
Reward Redemption,1,Reward Redemption
Recipe Browsing,1,Product Browsing
Product Image,1,Images
Quote Descriptions,1,Product Descriptions
Driver,1,Unmapped Elements
Representatives,1,Representatives
Communicate Experience on Social,3,Communicate Experience
Non-product Content,1,Unmapped Elements
Custom Garment,1,Unmapped Elements
In-Channel Reservation,3,Make Reservation Online
Purchase Via Sales Support Again,3,Unmapped Future Behaviors
Store Experience - On Floor Service,1,Unmapped Elements
Likelihood to Increase,3,Unmapped Future Behaviors
NPS,3,Unmapped Future Behaviors
Store Purchase,3,Other-Channel Purchase
Products and Services,1,Unmapped Elements
Recommend Products & Services,3,Recommend Products/Services
Site Peformance,1,Site Performance
In-Flight Team,1,Unmapped Elements
Renew,3,Subscribe/Renew
Task/ Ordering Process,1,Unmapped Elements
Blog Views,3,Unmapped Future Behaviors
Request,1,Unmapped Elements
Registry,1,Unmapped Elements
Brand Confidence Site,3,Unmapped Future Behaviors
Purchase From Catalog,3,Other-Channel Purchase
View,3,Unmapped Future Behaviors
Visit Location,3,Visit in Person
Set up Account Next Time,3,Unmapped Future Behaviors
Bill Payment,1,Unmapped Elements
Usefulness/ relevence of Content,1,Unmapped Elements
Order and Pickup,3,Unmapped Future Behaviors
Prescription Information,1,Unmapped Elements
Recommend Store,3,Recommend Store
Likelihood to Sell Online,3,Use Again
Purchase Mobile Online,3,In-Channel Purchase
Purchase Via Citi - Concierge Again,3,Call Again
Use a St. John Facility,3,Primary Resource
Client Performance,1,Unmapped Elements
Book,3,Unmapped Future Behaviors
Search Results Interface,1,Unmapped Elements
Primary Hospital Resource,3,Primary Resource
Product Inventory,1,Product Inventory
Real Estate Browsing,1,Product Browsing
Application Confidence,3,Unmapped Future Behaviors
Purchase from Distributor,3,Purchase from Partner/Distributor
Contact Customer Services,3,Contact
Campus Life,1,Unmapped Elements
Attend,3,Unmapped Future Behaviors
Resources,1,Unmapped Elements
Store Environmentent,1,Store Environment
Future Purchase Intent (Calculation),3,Future Purchase Intent (Calculated)
Social Functionality,1,Social Functionality
Take Action,3,Unmapped Future Behaviors
Likelihood to Continue Service,3,Use Again
Other future use of Avios tools,3,Use Service
Product Detail,1,Unmapped Elements
Contact Financial Professional,3,Contact
Likelihood to visit a Physician,3,Visit in Person
Social Network,3,Comm Exp on Social Network
Visit Detroit,3,Visit in Person
Use FAQs Again,3,Use Again
Request Additional Information,3,Unmapped Future Behaviors
Likelihood to Order Publications,3,In-Channel Purchase
Apply Again with Same Agency,3,Apply
Cart,1,Unmapped Elements
Product Service,1,Unmapped Elements
Recommend Purchasing,3,Recommend Products/Services
Pick-up,1,Unmapped Elements
Use Future,3,Unmapped Future Behaviors
Email Account Management,1,Unmapped Elements
Future Online Transactions,3,Unmapped Future Behaviors
Bank Products,1,Unmapped Elements
Request an Info Kit,3,Unmapped Future Behaviors
Future Use,3,Use Again
Purchase From Mobile or Tablet,3,Purchase via Mobile
Visit a Norton Healthcare Doctor,3,Visit in Person
Shipping Costs,1,Unmapped Elements
Likelihood to Use Site as Primary Resource,3,Primary Resource
Apply online for Benefits,3,Apply
Member Resources,1,Unmapped Elements
Organisation Satisfaction,3,Company/Organization/Brand Satisfaction
Rent,3,Unmapped Future Behaviors
Online,3,Unmapped Future Behaviors
Primary Resource for Online News,3,Primary Resource
Task/ Transactions,1,Tasks and Transactions
Promotion Performance,1,Unmapped Elements
Policy,1,Unmapped Elements
Use Brittany Ferries in Future,3,Use Again
Product Content,1,Content
Manage Account Mobile Site,3,Manage and Service Account
Interoperable,1,Unmapped Elements
Likelihood to Rely,3,Unmapped Future Behaviors
Create Account,3,Open Additional Accounts
Purchase ONLINE Shopping,3,In-Channel Purchase
Aesthetic,1,Unmapped Elements
Consider this to be channel of choice,3,Contact Via Channel Again
Contact Via Chat Again,3,Contact Via Channel Again
Recommend Course,3,Recommend Products/Services
Community Development,1,Unmapped Elements
Use In Store Pickup Again,3,Use Store Pick-up
Store Assistants,1,Store Employees
Seek Added Info on Ameriprise,3,Seek More Information
Return Website,3,Return
Become a Member,3,Become a Member
Services over Phone,3,Other-Channel Purchase
Primary Resource for News,3,Primary Resource
Tasks,1,Tasks and Transactions
Book Reservation Again Online,3,Make Reservation Online
Likelihood to Visit Precinct,3,Visit in Person
Setting,1,Unmapped Elements
Purchase Additional Products,3,Purchase
Public Safety,1,Unmapped Elements
IVR Prompts,1,Unmapped Elements
Educational Program Content,1,Unmapped Elements
Future Puchase Intent (Calculated),3,Future Purchase Intent (Calculated)
Recommend Collection,3,Recommend Products/Services
Use Vendor Services,3,Unmapped Future Behaviors
Coursework Prior,1,Unmapped Elements
Primary App Resource,3,Primary Resource
Travel Browsing,1,Product Browsing
Other-channel Purchase,3,Other-Channel Purchase
Stock-Related,1,Merchandise
Likelihood to Maintain,3,Do Business
Hotel Browsing,1,Product Browsing
Sending a Message,1,Unmapped Elements
Choose PNC,3,Unmapped Future Behaviors
Findability/Tools,1,Unmapped Elements
Operation,1,Unmapped Elements
Sponsored Links,1,Ads
Use Product,3,Use Product
Videos,1,Videos
Provider Browsing,1,Product Browsing
Recommendation Employer,3,Employer Recommendation
Career Opportunities,1,Unmapped Elements
Visit a Provider,3,Visit in Person
Technical Content,1,Unmapped Elements
Online Application Functionality,1,Unmapped Elements
Recommend Pickup,3,Recommend Store Pickup
Lovesac Configuration,1,Unmapped Elements
New Vehicle Online Purchase Resource,3,Primary Resource
Article/Video  Browsing,1,Information Browsing
Service Confidence,3,Unmapped Future Behaviors
Apply for a Product Online,3,Unmapped Future Behaviors
Email Appeal,1,Unmapped Elements
Sign-up for Course,3,Unmapped Future Behaviors
Search Form Interface,1,Search Interface
Web Channel Over Others,3,Use Web Channel Over Others
Likelihood to Donate,3,Donate
Return to Website,3,Return
Primary Gaming Source,3,Unmapped Future Behaviors
Purchase from Third Party,3,Purchase from Partner/Distributor
Likelihood to Submit Content,3,Interact Online
Likelihood to Attend Event,3,Unmapped Future Behaviors
